{"type": "FeatureCollection", "crs": {"type": "name", "properties": {"name": "EPSG:4326"}}, "features": [{"type": "Feature", "geometry": {"type": "Polygon", "coordinates": [[[-74.15486, 4.95114], [-74.1555, 4.94822], [-74.15622, 4.94652], [-74.15685, 4.94507], [-74.15706, 4.94332], [-74.15736, 4.94202], [-74.15854, 4.94092], [-74.15924, 4.93948], [-74.15914, 4.9384], [-74.15898, 4.93807], [-74.15891, 4.93786], [-74.15894, 4.9376], [-74.15911, 4.93744], [-74.15923, 4.93736], [-74.15944, 4.93746], [-74.15977, 4.93761], [-74.16054, 4.93751], [-74.16144, 4.93661], [-74.16175, 4.93629], [-74.16287, 4.93556], [-74.16413, 4.93483], [-74.16502, 4.93433], [-74.16632, 4.93369], [-74.16784, 4.93313], [-74.16864, 4.93298], [-74.16968, 4.93279], [-74.16959, 4.93365], [-74.16956, 4.93383], [-74.16952, 4.93413], [-74.1694, 4.93498], [-74.16909, 4.93721], [-74.1689, 4.93928], [-74.16885, 4.94026], [-74.16935, 4.94195], [-74.16959, 4.9434], [-74.17037, 4.94476], [-74.17175, 4.94628], [-74.17277, 4.94766], [-74.17396, 4.94914], [-74.17445, 4.95032], [-74.17456, 4.95047], [-74.17468, 4.95062], [-74.17497, 4.95071], [-74.1753, 4.95074], [-74.17575, 4.95094], [-74.17598, 4.95104], [-74.17648, 4.9513], [-74.1777, 4.9518], [-74.17852, 4.95192], [-74.17892, 4.95193], [-74.17919, 4.95204], [-74.1793, 4.95214], [-74.17945, 4.95225], [-74.17955, 4.95241], [-74.17992, 4.95296], [-74.1801, 4.95311], [-74.18018, 4.95317], [-74.18059, 4.95332], [-74.1811, 4.95364], [-74.18138, 4.95371], [-74.18185, 4.95373], [-74.18219, 4.95393], [-74.18252, 4.9542], [-74.18267, 4.95421], [-74.18327, 4.95401], [-74.18439, 4.95361], [-74.18562, 4.9532], [-74.18636, 4.95297], [-74.18668, 4.95289], [-74.18696, 4.9529], [-74.18708, 4.95298], [-74.18734, 4.95317], [-74.18757, 4.95325], [-74.18788, 4.95323], [-74.18824, 4.95318], [-74.18846, 4.95325], [-74.18875, 4.95342], [-74.18904, 4.95359], [-74.18922, 4.95365], [-74.18892, 4.95422], [-74.18927, 4.95472], [-74.18936, 4.95508], [-74.18952, 4.95601], [-74.18986, 4.95729], [-74.19, 4.95789], [-74.19021, 4.95866], [-74.18937, 4.95949], [-74.18972, 4.96073], [-74.19021, 4.96202], [-74.19037, 4.96291], [-74.1904, 4.96333], [-74.19014, 4.96434], [-74.18989, 4.96526], [-74.18917, 4.9662], [-74.18788, 4.96699], [-74.18654, 4.96787], [-74.18522, 4.96848], [-74.18595, 4.96959], [-74.18633, 4.97036], [-74.1866, 4.9712], [-74.18604, 4.97149], [-74.18529, 4.97249], [-74.18526, 4.97285], [-74.18524, 4.97321], [-74.18449, 4.97344], [-74.18425, 4.97362], [-74.18379, 4.9741], [-74.18382, 4.97426], [-74.18339, 4.97432], [-74.18266, 4.97441], [-74.182, 4.9745], [-74.18207, 4.97455], [-74.18278, 4.97502], [-74.1828, 4.9751], [-74.18166, 4.97543], [-74.18169, 4.97557], [-74.18067, 4.97579], [-74.17996, 4.97594], [-74.18002, 4.97611], [-74.18002, 4.97636], [-74.17977, 4.97664], [-74.17952, 4.97705], [-74.17937, 4.97741], [-74.17917, 4.97796], [-74.17897, 4.97836], [-74.1787, 4.97894], [-74.17872, 4.97882], [-74.1784, 4.97878], [-74.17813, 4.97884], [-74.17761, 4.97895], [-74.17691, 4.97912], [-74.17633, 4.9792], [-74.17575, 4.97816], [-74.17566, 4.978], [-74.17534, 4.97808], [-74.17511, 4.97774], [-74.17484, 4.97719], [-74.17454, 4.97681], [-74.17412, 4.97624], [-74.1739, 4.97619], [-74.17375, 4.97627], [-74.17342, 4.9765], [-74.17328, 4.97659], [-74.17303, 4.97622], [-74.17291, 4.97592], [-74.17294, 4.97586], [-74.17331, 4.97567], [-74.17329, 4.97539], [-74.17309, 4.97503], [-74.17293, 4.97468], [-74.17293, 4.97426], [-74.17314, 4.97387], [-74.17337, 4.97348], [-74.17346, 4.97314], [-74.17338, 4.9728], [-74.17324, 4.97266], [-74.17313, 4.97253], [-74.17315, 4.97205], [-74.173, 4.97202], [-74.17252, 4.97213], [-74.17163, 4.97225], [-74.17127, 4.97218], [-74.17105, 4.97154], [-74.17103, 4.97093], [-74.17113, 4.97044], [-74.17119, 4.97018], [-74.17057, 4.96942], [-74.17042, 4.96927], [-74.17014, 4.96888], [-74.17006, 4.96846], [-74.16978, 4.96815], [-74.16952, 4.96769], [-74.1692, 4.9674], [-74.16869, 4.96713], [-74.16832, 4.96692], [-74.16805, 4.9665], [-74.16791, 4.96619], [-74.16742, 4.96584], [-74.16718, 4.96565], [-74.16677, 4.96514], [-74.16641, 4.96462], [-74.16628, 4.96445], [-74.166, 4.96382], [-74.16587, 4.96338], [-74.16583, 4.96282], [-74.16563, 4.96225], [-74.16554, 4.96188], [-74.16569, 4.96155], [-74.16588, 4.96144], [-74.16602, 4.96128], [-74.16611, 4.96098], [-74.16624, 4.96043], [-74.16634, 4.95986], [-74.16628, 4.95965], [-74.16608, 4.95929], [-74.16563, 4.95888], [-74.16514, 4.9584], [-74.16468, 4.95792], [-74.16455, 4.95771], [-74.16448, 4.95749], [-74.16446, 4.95724], [-74.16415, 4.95684], [-74.16412, 4.95667], [-74.16417, 4.95633], [-74.16416, 4.95604], [-74.16425, 4.95576], [-74.1643, 4.95555], [-74.16404, 4.95545], [-74.16341, 4.95511], [-74.16286, 4.95481], [-74.16154, 4.95408], [-74.16053, 4.95348], [-74.15918, 4.95287], [-74.15862, 4.95262], [-74.15798, 4.95232], [-74.15721, 4.95197], [-74.15653, 4.95173], [-74.15593, 4.95152], [-74.15486, 4.95114]]]}, "properties": {"nombre": "Altania", "name": "Vereda Altania", "color": "#c53939", "type": "vereda"}}, {"type": "Feature", "geometry": {"type": "Polygon", "coordinates": [[[-74.11797, 4.96401], [-74.11773, 4.96399], [-74.11741, 4.96404], [-74.11721, 4.96407], [-74.11667, 4.96411], [-74.11633, 4.96412], [-74.11588, 4.96411], [-74.11571, 4.96402], [-74.11539, 4.96384], [-74.115, 4.96368], [-74.11476, 4.9636], [-74.11444, 4.96367], [-74.11411, 4.96376], [-74.11391, 4.96378], [-74.11352, 4.96371], [-74.11332, 4.96375], [-74.11301, 4.9638], [-74.11285, 4.96377], [-74.1126, 4.9637], [-74.11238, 4.96357], [-74.11181, 4.96326], [-74.11132, 4.96286], [-74.11094, 4.96227], [-74.11064, 4.96195], [-74.11024, 4.96154], [-74.10975, 4.96116], [-74.10974, 4.96115], [-74.10947, 4.96092], [-74.10956, 4.9608], [-74.10964, 4.96068], [-74.10969, 4.96057], [-74.10974, 4.96049], [-74.10977, 4.96045], [-74.1098, 4.96035], [-74.1098, 4.9603], [-74.1098, 4.96021], [-74.1098, 4.9601], [-74.1098, 4.96002], [-74.1098, 4.9598], [-74.1098, 4.95961], [-74.10982, 4.95943], [-74.10985, 4.9593], [-74.1099, 4.95921], [-74.10993, 4.95918], [-74.10993, 4.95917], [-74.10997, 4.95909], [-74.11, 4.95903], [-74.10998, 4.95885], [-74.10998, 4.95859], [-74.11002, 4.95843], [-74.11007, 4.95824], [-74.11015, 4.95801], [-74.11019, 4.9579], [-74.11024, 4.9576], [-74.11026, 4.95739], [-74.1103, 4.95716], [-74.11034, 4.95688], [-74.1104, 4.95661], [-74.11055, 4.95618], [-74.11067, 4.95596], [-74.11078, 4.95574], [-74.11084, 4.95554], [-74.11097, 4.9553], [-74.11103, 4.95512], [-74.11113, 4.95489], [-74.11132, 4.95452], [-74.11141, 4.9544], [-74.11149, 4.9543], [-74.1116, 4.95414], [-74.11168, 4.95404], [-74.1118, 4.95394], [-74.11196, 4.95387], [-74.11209, 4.95379], [-74.11219, 4.95371], [-74.11229, 4.9536], [-74.11236, 4.95348], [-74.11245, 4.95322], [-74.1125, 4.95304], [-74.11258, 4.95277], [-74.11265, 4.95258], [-74.11278, 4.9522], [-74.11285, 4.95194], [-74.11292, 4.95173], [-74.11307, 4.95142], [-74.11319, 4.95123], [-74.11325, 4.95114], [-74.1133, 4.95106], [-74.11336, 4.95083], [-74.11337, 4.95066], [-74.11338, 4.95039], [-74.11338, 4.95007], [-74.11339, 4.94975], [-74.11339, 4.94942], [-74.11343, 4.94893], [-74.11343, 4.94856], [-74.11342, 4.94814], [-74.1134, 4.94783], [-74.11341, 4.94763], [-74.11342, 4.94739], [-74.11346, 4.94715], [-74.11347, 4.94701], [-74.11347, 4.94682], [-74.11343, 4.94648], [-74.11339, 4.94621], [-74.11337, 4.94602], [-74.11337, 4.94561], [-74.11338, 4.94542], [-74.11339, 4.94531], [-74.11339, 4.94508], [-74.11342, 4.94483], [-74.11344, 4.94461], [-74.11349, 4.94431], [-74.1135, 4.94426], [-74.1135, 4.94421], [-74.1135, 4.94412], [-74.1135, 4.94377], [-74.11351, 4.94341], [-74.11351, 4.94306], [-74.11351, 4.94283], [-74.11351, 4.94258], [-74.11349, 4.94238], [-74.11348, 4.94219], [-74.11343, 4.94196], [-74.11339, 4.94179], [-74.11342, 4.94167], [-74.11344, 4.94162], [-74.11347, 4.94157], [-74.11353, 4.94146], [-74.11368, 4.94118], [-74.1138, 4.94089], [-74.11383, 4.94068], [-74.1138, 4.94056], [-74.11365, 4.94043], [-74.1134, 4.94038], [-74.11309, 4.94037], [-74.11293, 4.94034], [-74.1128, 4.94027], [-74.11272, 4.94016], [-74.11264, 4.94002], [-74.11259, 4.93987], [-74.11254, 4.93972], [-74.11251, 4.93962], [-74.11245, 4.93937], [-74.11242, 4.93913], [-74.11237, 4.93862], [-74.11237, 4.93812], [-74.11233, 4.93781], [-74.11235, 4.93765], [-74.11241, 4.93754], [-74.11254, 4.93738], [-74.11264, 4.93727], [-74.11276, 4.93716], [-74.11295, 4.93704], [-74.11321, 4.93688], [-74.11342, 4.93676], [-74.1136, 4.93667], [-74.11379, 4.93658], [-74.11392, 4.93651], [-74.1142, 4.93631], [-74.11463, 4.93604], [-74.11486, 4.93582], [-74.11493, 4.93572], [-74.11516, 4.93548], [-74.1153, 4.93529], [-74.11546, 4.93496], [-74.1155, 4.93485], [-74.11562, 4.93452], [-74.11577, 4.93414], [-74.11584, 4.93398], [-74.11593, 4.93382], [-74.11598, 4.93368], [-74.11607, 4.9335], [-74.11612, 4.93337], [-74.11613, 4.93324], [-74.11613, 4.93312], [-74.11608, 4.93295], [-74.11601, 4.93277], [-74.11604, 4.9327], [-74.11611, 4.93256], [-74.11623, 4.9324], [-74.11643, 4.93225], [-74.11859, 4.93394], [-74.11904, 4.93429], [-74.11883, 4.93487], [-74.11851, 4.93511], [-74.11893, 4.93551], [-74.11991, 4.93648], [-74.121, 4.93755], [-74.12052, 4.93774], [-74.11948, 4.93788], [-74.11889, 4.93778], [-74.11866, 4.93833], [-74.11782, 4.93865], [-74.11726, 4.93934], [-74.11716, 4.93965], [-74.1172, 4.9404], [-74.11734, 4.94056], [-74.11758, 4.94068], [-74.11778, 4.94079], [-74.11865, 4.94055], [-74.11909, 4.94024], [-74.11958, 4.94033], [-74.12013, 4.94045], [-74.1207, 4.94062], [-74.12109, 4.94074], [-74.12102, 4.94124], [-74.12098, 4.94156], [-74.12089, 4.94203], [-74.12085, 4.94229], [-74.12076, 4.94271], [-74.12123, 4.94288], [-74.12159, 4.94302], [-74.12282, 4.94349], [-74.12294, 4.94353], [-74.12259, 4.94402], [-74.12205, 4.94475], [-74.12147, 4.94609], [-74.12021, 4.94596], [-74.12007, 4.94732], [-74.12003, 4.94775], [-74.12037, 4.94766], [-74.12048, 4.94856], [-74.12047, 4.94896], [-74.1204, 4.94957], [-74.12037, 4.94981], [-74.1203, 4.9504], [-74.12023, 4.95102], [-74.12008, 4.95178], [-74.11989, 4.95265], [-74.11965, 4.95424], [-74.11795, 4.95461], [-74.117, 4.95541], [-74.11689, 4.95703], [-74.1173, 4.95718], [-74.1194, 4.95792], [-74.11896, 4.95836], [-74.11852, 4.95879], [-74.11803, 4.95974], [-74.11793, 4.96005], [-74.11786, 4.96113], [-74.11794, 4.96174], [-74.11803, 4.96213], [-74.11834, 4.96263], [-74.1188, 4.96353], [-74.11905, 4.96416], [-74.11884, 4.96415], [-74.11849, 4.96412], [-74.11797, 4.96401]]]}, "properties": {"nombre": "Canica Alta", "name": "Vereda Canica Alta", "color": "#39c562", "type": "vereda"}}, {"type": "Feature", "geometry": {"type": "Polygon", "coordinates": [[[-74.11965, 4.95424], [-74.11989, 4.95265], [-74.12008, 4.95178], [-74.12023, 4.95102], [-74.1203, 4.9504], [-74.12037, 4.94981], [-74.1204, 4.94957], [-74.12047, 4.94896], [-74.12048, 4.94856], [-74.12037, 4.94766], [-74.12003, 4.94775], [-74.12007, 4.94732], [-74.12021, 4.94596], [-74.12147, 4.94609], [-74.12205, 4.94475], [-74.12259, 4.94402], [-74.12294, 4.94353], [-74.12282, 4.94349], [-74.12159, 4.94302], [-74.12123, 4.94288], [-74.12076, 4.94271], [-74.12085, 4.94229], [-74.12089, 4.94203], [-74.12098, 4.94156], [-74.12102, 4.94124], [-74.12109, 4.94074], [-74.1207, 4.94062], [-74.12013, 4.94045], [-74.11958, 4.94033], [-74.11909, 4.94024], [-74.11865, 4.94055], [-74.11778, 4.94079], [-74.11758, 4.94068], [-74.11734, 4.94056], [-74.1172, 4.9404], [-74.11716, 4.93965], [-74.11726, 4.93934], [-74.11782, 4.93865], [-74.11866, 4.93833], [-74.11889, 4.93778], [-74.11948, 4.93788], [-74.12052, 4.93774], [-74.121, 4.93755], [-74.11991, 4.93648], [-74.11893, 4.93551], [-74.11851, 4.93511], [-74.11883, 4.93487], [-74.11904, 4.93429], [-74.11859, 4.93394], [-74.11643, 4.93225], [-74.11675, 4.93216], [-74.11703, 4.9321], [-74.11736, 4.93207], [-74.11773, 4.93204], [-74.11788, 4.93204], [-74.11814, 4.93202], [-74.11824, 4.932], [-74.11831, 4.93198], [-74.11842, 4.93185], [-74.1185, 4.93171], [-74.11852, 4.9315], [-74.1186, 4.93125], [-74.11866, 4.93084], [-74.11868, 4.9306], [-74.11869, 4.93048], [-74.11869, 4.93028], [-74.11868, 4.93003], [-74.11863, 4.92972], [-74.11851, 4.92954], [-74.11831, 4.92924], [-74.11819, 4.92916], [-74.11815, 4.92912], [-74.11801, 4.92898], [-74.11778, 4.92875], [-74.11771, 4.92857], [-74.1176, 4.92843], [-74.11756, 4.92832], [-74.11753, 4.92815], [-74.11753, 4.92769], [-74.11754, 4.927], [-74.11754, 4.9266], [-74.11758, 4.92635], [-74.11763, 4.9262], [-74.11766, 4.92614], [-74.11775, 4.92602], [-74.11787, 4.92588], [-74.11798, 4.92573], [-74.11799, 4.92572], [-74.11811, 4.92553], [-74.11829, 4.92522], [-74.11841, 4.92504], [-74.11844, 4.92482], [-74.11847, 4.92464], [-74.1185, 4.92445], [-74.11849, 4.92432], [-74.11849, 4.92421], [-74.11837, 4.92396], [-74.11831, 4.92374], [-74.11826, 4.92356], [-74.1182, 4.9234], [-74.1182, 4.92325], [-74.11826, 4.92308], [-74.11838, 4.92296], [-74.11859, 4.92295], [-74.11889, 4.92289], [-74.11927, 4.92288], [-74.11961, 4.92288], [-74.11985, 4.92288], [-74.1201, 4.92288], [-74.12029, 4.92288], [-74.12068, 4.92277], [-74.12085, 4.92268], [-74.12102, 4.9226], [-74.12126, 4.92237], [-74.12142, 4.9222], [-74.12144, 4.92219], [-74.12151, 4.92214], [-74.12164, 4.92202], [-74.12178, 4.92194], [-74.12185, 4.92185], [-74.12193, 4.92173], [-74.12197, 4.9216], [-74.12197, 4.92145], [-74.12197, 4.9213], [-74.12195, 4.92116], [-74.12195, 4.92099], [-74.12195, 4.92083], [-74.12198, 4.92071], [-74.12199, 4.92064], [-74.12201, 4.92049], [-74.12209, 4.92029], [-74.12218, 4.92003], [-74.12227, 4.91977], [-74.1224, 4.9195], [-74.12261, 4.91907], [-74.12276, 4.91895], [-74.12301, 4.91886], [-74.12339, 4.91872], [-74.1238, 4.9186], [-74.12401, 4.91853], [-74.12432, 4.91842], [-74.12485, 4.9183], [-74.12511, 4.91817], [-74.12539, 4.91808], [-74.12575, 4.91792], [-74.12606, 4.91771], [-74.12629, 4.91742], [-74.12659, 4.91705], [-74.12691, 4.91635], [-74.12711, 4.91607], [-74.12727, 4.91583], [-74.12772, 4.91545], [-74.1282, 4.91513], [-74.12844, 4.91503], [-74.12851, 4.915], [-74.12856, 4.91498], [-74.12892, 4.91488], [-74.12913, 4.91482], [-74.1292, 4.9148], [-74.12959, 4.9147], [-74.12994, 4.9147], [-74.13008, 4.91471], [-74.13208, 4.91608], [-74.13303, 4.9158], [-74.13369, 4.91666], [-74.13523, 4.91872], [-74.13608, 4.91922], [-74.13647, 4.91953], [-74.13686, 4.91985], [-74.13731, 4.92003], [-74.13811, 4.92016], [-74.13865, 4.92024], [-74.13906, 4.92011], [-74.13943, 4.92007], [-74.13979, 4.92004], [-74.14051, 4.9206], [-74.14122, 4.92045], [-74.14272, 4.92011], [-74.14291, 4.92005], [-74.14322, 4.92001], [-74.14375, 4.91995], [-74.144, 4.92001], [-74.14419, 4.9206], [-74.14423, 4.92121], [-74.14437, 4.92196], [-74.14461, 4.92242], [-74.14486, 4.92288], [-74.14506, 4.92349], [-74.14518, 4.924], [-74.14538, 4.92412], [-74.146, 4.92413], [-74.146, 4.92409], [-74.14612, 4.92404], [-74.14627, 4.92407], [-74.14651, 4.92427], [-74.14665, 4.92442], [-74.14676, 4.92454], [-74.14714, 4.92504], [-74.14807, 4.9263], [-74.14868, 4.92728], [-74.14916, 4.92812], [-74.14977, 4.92878], [-74.15076, 4.92882], [-74.15272, 4.92884], [-74.15348, 4.92881], [-74.15446, 4.92884], [-74.15557, 4.92883], [-74.15696, 4.92883], [-74.15808, 4.92868], [-74.15893, 4.9286], [-74.16015, 4.9286], [-74.16119, 4.92863], [-74.16254, 4.92873], [-74.16305, 4.92879], [-74.16385, 4.92883], [-74.16449, 4.92877], [-74.1647, 4.92872], [-74.16518, 4.92856], [-74.16541, 4.92844], [-74.16567, 4.92829], [-74.16584, 4.92827], [-74.16615, 4.92819], [-74.16684, 4.92879], [-74.16677, 4.92888], [-74.16707, 4.92919], [-74.16735, 4.92954], [-74.16752, 4.92968], [-74.16794, 4.92984], [-74.16852, 4.9302], [-74.16856, 4.93025], [-74.16873, 4.9303], [-74.16873, 4.9303], [-74.16895, 4.93088], [-74.16912, 4.93099], [-74.16923, 4.931], [-74.16936, 4.93126], [-74.16947, 4.93132], [-74.16954, 4.9315], [-74.1696, 4.93149], [-74.16963, 4.93148], [-74.16965, 4.93155], [-74.1696, 4.93161], [-74.16984, 4.93199], [-74.16977, 4.93205], [-74.16983, 4.93218], [-74.16986, 4.93219], [-74.16993, 4.9323], [-74.17002, 4.93245], [-74.17007, 4.93254], [-74.17012, 4.93263], [-74.17015, 4.93268], [-74.17017, 4.93271], [-74.17009, 4.93271], [-74.16968, 4.93279], [-74.16864, 4.93298], [-74.16784, 4.93313], [-74.16632, 4.93369], [-74.16502, 4.93433], [-74.16413, 4.93483], [-74.16287, 4.93556], [-74.16175, 4.93629], [-74.16144, 4.93661], [-74.16054, 4.93751], [-74.15977, 4.93761], [-74.15944, 4.93746], [-74.15923, 4.93736], [-74.15911, 4.93744], [-74.15894, 4.9376], [-74.15891, 4.93786], [-74.15898, 4.93807], [-74.15914, 4.9384], [-74.15924, 4.93948], [-74.15854, 4.94092], [-74.15736, 4.94202], [-74.15706, 4.94332], [-74.15685, 4.94507], [-74.15622, 4.94652], [-74.1555, 4.94822], [-74.15486, 4.95114], [-74.15467, 4.95153], [-74.15427, 4.95246], [-74.15403, 4.95224], [-74.15345, 4.95174], [-74.15256, 4.95097], [-74.15199, 4.95048], [-74.15101, 4.94963], [-74.15044, 4.94912], [-74.15024, 4.9479], [-74.149, 4.94704], [-74.14776, 4.94617], [-74.14697, 4.94753], [-74.14616, 4.94689], [-74.1453, 4.94618], [-74.14474, 4.94561], [-74.14454, 4.94549], [-74.14453, 4.94593], [-74.14451, 4.94688], [-74.14507, 4.94716], [-74.14513, 4.94728], [-74.14497, 4.94745], [-74.14474, 4.94782], [-74.14472, 4.94818], [-74.14497, 4.9485], [-74.14513, 4.94869], [-74.14515, 4.94884], [-74.14509, 4.94892], [-74.14515, 4.94909], [-74.14523, 4.94912], [-74.14524, 4.9493], [-74.14511, 4.94942], [-74.14484, 4.94938], [-74.14445, 4.94931], [-74.14417, 4.94923], [-74.14373, 4.94927], [-74.14352, 4.94955], [-74.14341, 4.94991], [-74.14321, 4.95055], [-74.14336, 4.95065], [-74.14348, 4.95066], [-74.14352, 4.95094], [-74.14352, 4.95105], [-74.14363, 4.95143], [-74.1437, 4.95208], [-74.14392, 4.95251], [-74.14402, 4.9527], [-74.1441, 4.95273], [-74.14388, 4.95283], [-74.1437, 4.9528], [-74.14353, 4.95267], [-74.14335, 4.95252], [-74.141, 4.95229], [-74.13967, 4.9532], [-74.13887, 4.95362], [-74.13825, 4.95399], [-74.13769, 4.95416], [-74.13732, 4.95431], [-74.13673, 4.95428], [-74.13586, 4.95435], [-74.13548, 4.95437], [-74.13462, 4.95426], [-74.1341, 4.95414], [-74.13373, 4.95393], [-74.13308, 4.95374], [-74.13246, 4.9535], [-74.13167, 4.95303], [-74.13153, 4.9528], [-74.13135, 4.95273], [-74.13067, 4.95218], [-74.13035, 4.95205], [-74.12996, 4.952], [-74.12967, 4.95201], [-74.12881, 4.9521], [-74.12663, 4.95236], [-74.12627, 4.95292], [-74.12403, 4.95329], [-74.12185, 4.95365], [-74.12175, 4.95431], [-74.12149, 4.95438], [-74.12085, 4.95439], [-74.12021, 4.95431], [-74.11965, 4.95424]]]}, "properties": {"nombre": "Canica Baja", "name": "Vereda Canica Baja", "color": "#8b39c5", "type": "vereda"}}, {"type": "Feature", "geometry": {"type": "Polygon", "coordinates": [[[-74.15684, 4.98717], [-74.15665, 4.98704], [-74.15612, 4.9869], [-74.15564, 4.9868], [-74.15529, 4.98678], [-74.15516, 4.98658], [-74.1551, 4.98644], [-74.15503, 4.9862], [-74.15478, 4.98607], [-74.1543, 4.98599], [-74.15402, 4.98594], [-74.15363, 4.98583], [-74.15333, 4.98571], [-74.15308, 4.98552], [-74.15289, 4.98531], [-74.15263, 4.9849], [-74.1524, 4.98448], [-74.15218, 4.98413], [-74.15206, 4.98396], [-74.15196, 4.98385], [-74.15183, 4.9838], [-74.15158, 4.98383], [-74.15141, 4.98383], [-74.15123, 4.98378], [-74.1511, 4.98367], [-74.15102, 4.98366], [-74.15089, 4.98375], [-74.15058, 4.98379], [-74.15044, 4.98372], [-74.1502, 4.98362], [-74.15009, 4.98349], [-74.15001, 4.98336], [-74.14994, 4.9833], [-74.14972, 4.98331], [-74.14926, 4.98335], [-74.14896, 4.98328], [-74.14858, 4.98323], [-74.14842, 4.98316], [-74.14807, 4.98295], [-74.14791, 4.98284], [-74.14759, 4.98267], [-74.1474, 4.9826], [-74.1472, 4.98256], [-74.14693, 4.98263], [-74.14678, 4.98268], [-74.14658, 4.98262], [-74.14647, 4.98254], [-74.14632, 4.98238], [-74.14624, 4.98229], [-74.14611, 4.98224], [-74.14587, 4.98218], [-74.14562, 4.98221], [-74.14526, 4.98227], [-74.14474, 4.98239], [-74.14442, 4.98241], [-74.14427, 4.98239], [-74.1441, 4.98233], [-74.14378, 4.98229], [-74.1434, 4.98228], [-74.14302, 4.98227], [-74.14288, 4.98224], [-74.14256, 4.98206], [-74.14231, 4.98181], [-74.14215, 4.9816], [-74.14202, 4.98143], [-74.14183, 4.98129], [-74.14114, 4.98088], [-74.14047, 4.98067], [-74.14022, 4.98043], [-74.14014, 4.9802], [-74.14007, 4.9799], [-74.14006, 4.97966], [-74.14006, 4.97945], [-74.14006, 4.97931], [-74.13997, 4.97907], [-74.13992, 4.97893], [-74.13995, 4.97878], [-74.14007, 4.97869], [-74.1402, 4.97858], [-74.14023, 4.97847], [-74.14026, 4.97835], [-74.14041, 4.97815], [-74.14054, 4.97803], [-74.14066, 4.97783], [-74.14073, 4.97759], [-74.14079, 4.97741], [-74.14079, 4.97708], [-74.14078, 4.97687], [-74.14085, 4.97671], [-74.14096, 4.97654], [-74.14092, 4.97644], [-74.14084, 4.97631], [-74.14067, 4.97609], [-74.14028, 4.97568], [-74.1397, 4.97555], [-74.13934, 4.97548], [-74.13847, 4.97538], [-74.13818, 4.97531], [-74.13813, 4.97514], [-74.13825, 4.97456], [-74.13836, 4.97382], [-74.13863, 4.97303], [-74.13888, 4.97232], [-74.1389, 4.97224], [-74.13921, 4.97235], [-74.1395, 4.97244], [-74.13956, 4.97227], [-74.13975, 4.97132], [-74.13988, 4.97065], [-74.14009, 4.97025], [-74.1403, 4.96961], [-74.14065, 4.96906], [-74.14106, 4.9685], [-74.14152, 4.96785], [-74.14184, 4.96747], [-74.14205, 4.96742], [-74.14214, 4.96743], [-74.14236, 4.96747], [-74.14272, 4.96771], [-74.14301, 4.96799], [-74.14312, 4.96822], [-74.14323, 4.96836], [-74.14338, 4.96845], [-74.14368, 4.96841], [-74.14385, 4.96839], [-74.14412, 4.96812], [-74.14422, 4.96792], [-74.14421, 4.96779], [-74.14405, 4.96767], [-74.14393, 4.96737], [-74.14393, 4.96713], [-74.14397, 4.96683], [-74.144, 4.96642], [-74.14407, 4.96617], [-74.14414, 4.96601], [-74.14431, 4.96557], [-74.14424, 4.96532], [-74.14423, 4.96515], [-74.14437, 4.96494], [-74.14454, 4.96479], [-74.14466, 4.96466], [-74.14506, 4.96436], [-74.14515, 4.96438], [-74.14525, 4.96437], [-74.14539, 4.96422], [-74.14558, 4.96419], [-74.14564, 4.96411], [-74.14545, 4.96398], [-74.14541, 4.96383], [-74.14533, 4.96363], [-74.14521, 4.96345], [-74.14502, 4.96321], [-74.14484, 4.96321], [-74.14466, 4.96326], [-74.14446, 4.96329], [-74.14446, 4.96325], [-74.14445, 4.96314], [-74.14463, 4.96286], [-74.14473, 4.96277], [-74.14472, 4.96265], [-74.14452, 4.9626], [-74.14436, 4.96255], [-74.14433, 4.96229], [-74.14431, 4.96205], [-74.14416, 4.96192], [-74.14401, 4.9616], [-74.14397, 4.96139], [-74.14387, 4.96109], [-74.14354, 4.96063], [-74.14319, 4.9601], [-74.14321, 4.9599], [-74.14332, 4.95969], [-74.14394, 4.95935], [-74.14413, 4.95897], [-74.14411, 4.95876], [-74.14401, 4.95839], [-74.14378, 4.95819], [-74.14351, 4.958], [-74.14335, 4.95803], [-74.14333, 4.95805], [-74.1433, 4.95816], [-74.14335, 4.95828], [-74.14333, 4.95839], [-74.14315, 4.95837], [-74.14304, 4.95828], [-74.143, 4.9582], [-74.14305, 4.95797], [-74.14318, 4.95783], [-74.14336, 4.95769], [-74.14358, 4.95756], [-74.14365, 4.95761], [-74.14382, 4.95776], [-74.14413, 4.95791], [-74.14426, 4.95782], [-74.14431, 4.95763], [-74.14422, 4.95753], [-74.144, 4.95744], [-74.14387, 4.95731], [-74.14405, 4.95704], [-74.14421, 4.95677], [-74.14423, 4.95638], [-74.14416, 4.9559], [-74.14417, 4.95555], [-74.14406, 4.95523], [-74.144, 4.95507], [-74.14384, 4.95452], [-74.14396, 4.95425], [-74.14409, 4.95413], [-74.1444, 4.95395], [-74.14457, 4.95382], [-74.14464, 4.95358], [-74.14472, 4.95319], [-74.1446, 4.95299], [-74.14446, 4.95281], [-74.14438, 4.95277], [-74.14421, 4.95277], [-74.1441, 4.95273], [-74.14402, 4.9527], [-74.14392, 4.95251], [-74.1437, 4.95208], [-74.14363, 4.95143], [-74.14352, 4.95105], [-74.14352, 4.95094], [-74.14348, 4.95066], [-74.14336, 4.95065], [-74.14321, 4.95055], [-74.14341, 4.94991], [-74.14352, 4.94955], [-74.14373, 4.94927], [-74.14417, 4.94923], [-74.14445, 4.94931], [-74.14484, 4.94938], [-74.14511, 4.94942], [-74.14524, 4.9493], [-74.14523, 4.94912], [-74.14515, 4.94909], [-74.14509, 4.94892], [-74.14515, 4.94884], [-74.14513, 4.94869], [-74.14497, 4.9485], [-74.14472, 4.94818], [-74.14474, 4.94782], [-74.14497, 4.94745], [-74.14513, 4.94728], [-74.14507, 4.94716], [-74.14451, 4.94688], [-74.14453, 4.94593], [-74.14454, 4.94549], [-74.14474, 4.94561], [-74.1453, 4.94618], [-74.14616, 4.94689], [-74.14697, 4.94753], [-74.14776, 4.94617], [-74.149, 4.94704], [-74.15024, 4.9479], [-74.15044, 4.94912], [-74.15101, 4.94963], [-74.15199, 4.95048], [-74.15256, 4.95097], [-74.15345, 4.95174], [-74.15403, 4.95224], [-74.15427, 4.95246], [-74.15467, 4.95153], [-74.15486, 4.95114], [-74.15593, 4.95152], [-74.15653, 4.95173], [-74.15721, 4.95197], [-74.15798, 4.95232], [-74.15862, 4.95262], [-74.15918, 4.95287], [-74.16053, 4.95348], [-74.16154, 4.95408], [-74.16286, 4.95481], [-74.16341, 4.95511], [-74.16404, 4.95545], [-74.1643, 4.95555], [-74.16425, 4.95576], [-74.16416, 4.95604], [-74.16417, 4.95633], [-74.16412, 4.95667], [-74.16415, 4.95684], [-74.16446, 4.95724], [-74.16448, 4.95749], [-74.16455, 4.95771], [-74.16468, 4.95792], [-74.16514, 4.9584], [-74.16563, 4.95888], [-74.16608, 4.95929], [-74.16628, 4.95965], [-74.16634, 4.95986], [-74.16624, 4.96043], [-74.16611, 4.96098], [-74.16602, 4.96128], [-74.16588, 4.96144], [-74.16569, 4.96155], [-74.16554, 4.96188], [-74.16563, 4.96225], [-74.16583, 4.96282], [-74.16587, 4.96338], [-74.166, 4.96382], [-74.16628, 4.96445], [-74.16641, 4.96462], [-74.16677, 4.96514], [-74.16718, 4.96565], [-74.16742, 4.96584], [-74.16791, 4.96619], [-74.16805, 4.9665], [-74.16832, 4.96692], [-74.16869, 4.96713], [-74.1692, 4.9674], [-74.16952, 4.96769], [-74.16978, 4.96815], [-74.17006, 4.96846], [-74.17014, 4.96888], [-74.17042, 4.96927], [-74.17057, 4.96942], [-74.17119, 4.97018], [-74.17113, 4.97044], [-74.17103, 4.97093], [-74.17105, 4.97154], [-74.17127, 4.97218], [-74.17163, 4.97225], [-74.17252, 4.97213], [-74.173, 4.97202], [-74.17315, 4.97205], [-74.17313, 4.97253], [-74.17324, 4.97266], [-74.17338, 4.9728], [-74.17346, 4.97314], [-74.17337, 4.97348], [-74.17314, 4.97387], [-74.17293, 4.97426], [-74.17293, 4.97468], [-74.17309, 4.97503], [-74.17329, 4.97539], [-74.17331, 4.97567], [-74.17294, 4.97586], [-74.17291, 4.97592], [-74.17303, 4.97622], [-74.17328, 4.97659], [-74.17342, 4.9765], [-74.17375, 4.97627], [-74.1739, 4.97619], [-74.17412, 4.97624], [-74.17454, 4.97681], [-74.17484, 4.97719], [-74.17511, 4.97774], [-74.17534, 4.97808], [-74.17566, 4.978], [-74.17575, 4.97816], [-74.17633, 4.9792], [-74.17691, 4.97912], [-74.17761, 4.97895], [-74.17813, 4.97884], [-74.1784, 4.97878], [-74.17872, 4.97882], [-74.1787, 4.97894], [-74.17912, 4.97901], [-74.17922, 4.97902], [-74.17933, 4.97979], [-74.17948, 4.98082], [-74.17951, 4.98129], [-74.17901, 4.98236], [-74.17819, 4.98407], [-74.17738, 4.9858], [-74.17668, 4.9857], [-74.17498, 4.98457], [-74.17474, 4.98461], [-74.1741, 4.98497], [-74.17345, 4.98615], [-74.17304, 4.98597], [-74.16983, 4.98469], [-74.16948, 4.98457], [-74.16837, 4.98553], [-74.16765, 4.98621], [-74.16738, 4.98699], [-74.1673, 4.98707], [-74.167, 4.98724], [-74.16692, 4.98724], [-74.16673, 4.98709], [-74.16626, 4.98675], [-74.16589, 4.98661], [-74.16547, 4.98645], [-74.1651, 4.98604], [-74.16499, 4.98576], [-74.16479, 4.98562], [-74.16442, 4.98559], [-74.16431, 4.98547], [-74.16409, 4.98532], [-74.16393, 4.98541], [-74.16384, 4.98565], [-74.16367, 4.98571], [-74.16327, 4.98561], [-74.1628, 4.98536], [-74.16245, 4.98507], [-74.16164, 4.985], [-74.1608, 4.98501], [-74.15969, 4.98507], [-74.15901, 4.98527], [-74.15849, 4.98574], [-74.15778, 4.98632], [-74.15724, 4.98677], [-74.15684, 4.98717]]]}, "properties": {"nombre": "Cascajal", "name": "Vereda Cascajal", "color": "#c5b439", "type": "vereda"}}, {"type": "Feature", "geometry": {"type": "Polygon", "coordinates": [[[-74.19532, 4.95537], [-74.19479, 4.95506], [-74.19387, 4.95508], [-74.19337, 4.95505], [-74.19259, 4.95492], [-74.19205, 4.9548], [-74.19194, 4.95471], [-74.1916, 4.9542], [-74.19149, 4.95403], [-74.19129, 4.95391], [-74.19103, 4.95377], [-74.19082, 4.95374], [-74.19023, 4.95373], [-74.1897, 4.95369], [-74.18922, 4.95365], [-74.18904, 4.95359], [-74.18875, 4.95342], [-74.18846, 4.95325], [-74.18824, 4.95318], [-74.18788, 4.95323], [-74.18757, 4.95325], [-74.18734, 4.95317], [-74.18708, 4.95298], [-74.18696, 4.9529], [-74.18668, 4.95289], [-74.18636, 4.95297], [-74.18562, 4.9532], [-74.18439, 4.95361], [-74.18327, 4.95401], [-74.18267, 4.95421], [-74.18252, 4.9542], [-74.18219, 4.95393], [-74.18185, 4.95373], [-74.18138, 4.95371], [-74.1811, 4.95364], [-74.18059, 4.95332], [-74.18018, 4.95317], [-74.1801, 4.95311], [-74.17992, 4.95296], [-74.17955, 4.95241], [-74.17945, 4.95225], [-74.1793, 4.95214], [-74.17919, 4.95204], [-74.17892, 4.95193], [-74.17852, 4.95192], [-74.1777, 4.9518], [-74.17648, 4.9513], [-74.17598, 4.95104], [-74.17575, 4.95094], [-74.1753, 4.95074], [-74.17497, 4.95071], [-74.17468, 4.95062], [-74.17456, 4.95047], [-74.17445, 4.95032], [-74.17396, 4.94914], [-74.17277, 4.94766], [-74.17175, 4.94628], [-74.17037, 4.94476], [-74.16959, 4.9434], [-74.16935, 4.94195], [-74.16885, 4.94026], [-74.1689, 4.93928], [-74.16909, 4.93721], [-74.1694, 4.93498], [-74.16952, 4.93413], [-74.16956, 4.93383], [-74.16959, 4.93365], [-74.16968, 4.93279], [-74.17009, 4.93271], [-74.17017, 4.93271], [-74.17135, 4.93419], [-74.17217, 4.93523], [-74.1719, 4.93357], [-74.17251, 4.93283], [-74.17253, 4.93281], [-74.17253, 4.93281], [-74.1727, 4.93264], [-74.17272, 4.93263], [-74.17274, 4.93261], [-74.17296, 4.93238], [-74.17298, 4.93236], [-74.17301, 4.93234], [-74.17316, 4.93218], [-74.17318, 4.93216], [-74.1732, 4.93214], [-74.17334, 4.93201], [-74.17349, 4.93185], [-74.17369, 4.93166], [-74.17384, 4.9315], [-74.17385, 4.93149], [-74.17385, 4.93149], [-74.17568, 4.93233], [-74.17587, 4.93218], [-74.17587, 4.93218], [-74.17592, 4.93214], [-74.17592, 4.93214], [-74.17597, 4.9321], [-74.17742, 4.93094], [-74.1775, 4.93088], [-74.17753, 4.93085], [-74.17755, 4.93084], [-74.1777, 4.93071], [-74.1777, 4.93071], [-74.17572, 4.92825], [-74.17568, 4.92824], [-74.17546, 4.92786], [-74.17559, 4.92634], [-74.17563, 4.9259], [-74.17579, 4.9256], [-74.17581, 4.92557], [-74.17583, 4.92555], [-74.1758, 4.92552], [-74.17577, 4.92549], [-74.17576, 4.92547], [-74.17575, 4.92547], [-74.17573, 4.92546], [-74.17572, 4.92544], [-74.1757, 4.92543], [-74.17569, 4.92543], [-74.17566, 4.92542], [-74.17565, 4.92542], [-74.17564, 4.92541], [-74.17563, 4.92541], [-74.17563, 4.92541], [-74.17562, 4.9254], [-74.17561, 4.92539], [-74.1756, 4.92539], [-74.17559, 4.92537], [-74.17558, 4.92535], [-74.17557, 4.92534], [-74.17557, 4.92533], [-74.17556, 4.92532], [-74.17555, 4.92531], [-74.17555, 4.9253], [-74.17554, 4.92529], [-74.17553, 4.92528], [-74.17553, 4.92527], [-74.17552, 4.92526], [-74.17552, 4.92525], [-74.17551, 4.92524], [-74.1755, 4.92523], [-74.1755, 4.92522], [-74.17549, 4.92521], [-74.17548, 4.9252], [-74.17547, 4.92518], [-74.17547, 4.92517], [-74.17546, 4.92517], [-74.17546, 4.92516], [-74.17545, 4.92515], [-74.17545, 4.92514], [-74.17544, 4.92513], [-74.17543, 4.92512], [-74.17541, 4.92511], [-74.1754, 4.9251], [-74.17539, 4.92509], [-74.17538, 4.92509], [-74.17534, 4.92507], [-74.17533, 4.92507], [-74.17532, 4.92507], [-74.17531, 4.92507], [-74.17528, 4.92505], [-74.17527, 4.92504], [-74.17525, 4.92503], [-74.17524, 4.92502], [-74.17523, 4.92502], [-74.17522, 4.92501], [-74.17521, 4.925], [-74.17521, 4.92499], [-74.1752, 4.92499], [-74.1752, 4.92498], [-74.17519, 4.92497], [-74.17519, 4.92496], [-74.17519, 4.92495], [-74.17518, 4.92494], [-74.17518, 4.92493], [-74.17518, 4.92491], [-74.17517, 4.9249], [-74.17517, 4.9249], [-74.17517, 4.92489], [-74.17517, 4.92488], [-74.17517, 4.92487], [-74.17517, 4.92487], [-74.17517, 4.92486], [-74.17516, 4.92486], [-74.17516, 4.92484], [-74.17516, 4.92484], [-74.17515, 4.92482], [-74.17515, 4.92481], [-74.17513, 4.92479], [-74.17511, 4.92478], [-74.1751, 4.92477], [-74.17509, 4.92477], [-74.17508, 4.92477], [-74.17509, 4.92477], [-74.17532, 4.92478], [-74.17538, 4.92485], [-74.1756, 4.92504], [-74.17585, 4.92515], [-74.176, 4.92519], [-74.17623, 4.92531], [-74.17639, 4.92537], [-74.17654, 4.92542], [-74.17682, 4.92537], [-74.17699, 4.92547], [-74.17704, 4.92551], [-74.17718, 4.92557], [-74.1773, 4.92561], [-74.1774, 4.92565], [-74.17752, 4.92575], [-74.17759, 4.92587], [-74.1777, 4.92607], [-74.17774, 4.92614], [-74.17789, 4.92625], [-74.17804, 4.92626], [-74.17832, 4.9264], [-74.17854, 4.92655], [-74.17885, 4.92682], [-74.17897, 4.92694], [-74.17901, 4.92704], [-74.17907, 4.92732], [-74.17913, 4.92746], [-74.17919, 4.92753], [-74.17944, 4.92768], [-74.17956, 4.92773], [-74.17969, 4.92777], [-74.17976, 4.92773], [-74.17989, 4.92761], [-74.18007, 4.92753], [-74.18022, 4.92751], [-74.18027, 4.92751], [-74.18046, 4.92755], [-74.18047, 4.92761], [-74.18043, 4.92768], [-74.18036, 4.92776], [-74.18033, 4.92784], [-74.18048, 4.92799], [-74.18057, 4.92804], [-74.18063, 4.92814], [-74.18068, 4.92835], [-74.18076, 4.92848], [-74.18102, 4.92862], [-74.18116, 4.92869], [-74.18152, 4.92864], [-74.18181, 4.92859], [-74.18193, 4.92865], [-74.18209, 4.92879], [-74.1824, 4.92881], [-74.18259, 4.9288], [-74.18283, 4.92884], [-74.18301, 4.9289], [-74.18307, 4.92896], [-74.18334, 4.92929], [-74.18335, 4.92937], [-74.18345, 4.92961], [-74.1835, 4.9297], [-74.18373, 4.92988], [-74.18394, 4.92993], [-74.18413, 4.92991], [-74.18429, 4.92985], [-74.18435, 4.92983], [-74.18451, 4.92988], [-74.18454, 4.92994], [-74.18469, 4.92988], [-74.18472, 4.92983], [-74.18492, 4.92984], [-74.185, 4.92991], [-74.18524, 4.93001], [-74.18546, 4.92999], [-74.18565, 4.92988], [-74.18587, 4.9297], [-74.18599, 4.92953], [-74.1861, 4.92942], [-74.18618, 4.92939], [-74.18636, 4.92941], [-74.18641, 4.92936], [-74.18647, 4.92924], [-74.18645, 4.92915], [-74.18649, 4.92905], [-74.18655, 4.92904], [-74.18666, 4.92908], [-74.18669, 4.92912], [-74.18674, 4.92919], [-74.18685, 4.92926], [-74.18695, 4.92928], [-74.18711, 4.92922], [-74.18717, 4.92914], [-74.18719, 4.92902], [-74.18726, 4.92885], [-74.18748, 4.92883], [-74.18759, 4.9289], [-74.18777, 4.92904], [-74.18781, 4.92906], [-74.18792, 4.92931], [-74.18814, 4.92944], [-74.18831, 4.9295], [-74.18837, 4.92959], [-74.18839, 4.92965], [-74.18841, 4.92972], [-74.18853, 4.92987], [-74.18861, 4.92995], [-74.18877, 4.92995], [-74.18877, 4.92966], [-74.18883, 4.92948], [-74.18898, 4.92942], [-74.18922, 4.92948], [-74.1893, 4.92955], [-74.1895, 4.92958], [-74.18986, 4.92962], [-74.19008, 4.92971], [-74.19015, 4.9298], [-74.19033, 4.92985], [-74.19049, 4.92984], [-74.19053, 4.9299], [-74.19055, 4.93005], [-74.19059, 4.93013], [-74.19091, 4.93012], [-74.19091, 4.93012], [-74.19099, 4.93016], [-74.19099, 4.93026], [-74.19091, 4.93032], [-74.19082, 4.93042], [-74.19086, 4.93051], [-74.191, 4.93055], [-74.19107, 4.9305], [-74.19132, 4.93021], [-74.19142, 4.93014], [-74.19161, 4.93008], [-74.19167, 4.93014], [-74.19167, 4.93026], [-74.19168, 4.93037], [-74.1918, 4.93047], [-74.19192, 4.93034], [-74.19203, 4.93024], [-74.19214, 4.9303], [-74.19233, 4.93036], [-74.19247, 4.93043], [-74.19274, 4.93062], [-74.1929, 4.93066], [-74.19305, 4.93071], [-74.19329, 4.93068], [-74.19352, 4.9307], [-74.1937, 4.93075], [-74.19381, 4.93082], [-74.19391, 4.93084], [-74.19403, 4.93079], [-74.19426, 4.93074], [-74.1943, 4.9308], [-74.19432, 4.9309], [-74.19415, 4.93127], [-74.19404, 4.93146], [-74.19397, 4.93159], [-74.19401, 4.93176], [-74.19435, 4.93202], [-74.19448, 4.9322], [-74.19463, 4.93234], [-74.19471, 4.93236], [-74.19489, 4.93225], [-74.19491, 4.93216], [-74.19494, 4.93208], [-74.19503, 4.93201], [-74.19519, 4.93205], [-74.19524, 4.93214], [-74.19541, 4.93217], [-74.19574, 4.93215], [-74.19608, 4.93218], [-74.19653, 4.93232], [-74.19674, 4.9324], [-74.19708, 4.93246], [-74.19733, 4.93228], [-74.19756, 4.93208], [-74.19768, 4.93205], [-74.19813, 4.93207], [-74.19825, 4.93206], [-74.19838, 4.93213], [-74.19852, 4.93229], [-74.19856, 4.9324], [-74.19859, 4.93265], [-74.19858, 4.933], [-74.19873, 4.93322], [-74.19888, 4.93333], [-74.19903, 4.93345], [-74.19921, 4.93359], [-74.19925, 4.9337], [-74.19927, 4.93395], [-74.19908, 4.93405], [-74.19897, 4.93407], [-74.19894, 4.93412], [-74.19895, 4.93425], [-74.19913, 4.93446], [-74.19927, 4.93456], [-74.19938, 4.9346], [-74.1996, 4.93467], [-74.19966, 4.93465], [-74.19991, 4.93466], [-74.20013, 4.93474], [-74.20037, 4.93478], [-74.2007, 4.93484], [-74.20088, 4.93477], [-74.20103, 4.9347], [-74.20118, 4.93471], [-74.20128, 4.93476], [-74.20133, 4.93479], [-74.20139, 4.93492], [-74.20144, 4.93509], [-74.20144, 4.93523], [-74.20144, 4.93538], [-74.20152, 4.93548], [-74.20167, 4.93566], [-74.2018, 4.93571], [-74.20193, 4.9357], [-74.20207, 4.93569], [-74.20215, 4.93569], [-74.20228, 4.93575], [-74.20232, 4.93582], [-74.20236, 4.93596], [-74.20233, 4.93597], [-74.2023, 4.9363], [-74.20218, 4.93645], [-74.20177, 4.93686], [-74.20133, 4.93724], [-74.20087, 4.93768], [-74.20048, 4.93803], [-74.2003, 4.93817], [-74.19998, 4.93839], [-74.19957, 4.93868], [-74.19932, 4.93893], [-74.19905, 4.9392], [-74.19883, 4.93934], [-74.19842, 4.93959], [-74.19811, 4.93993], [-74.19789, 4.94018], [-74.19775, 4.94055], [-74.19781, 4.94068], [-74.19791, 4.94086], [-74.19813, 4.94112], [-74.19834, 4.94137], [-74.1984, 4.94155], [-74.19836, 4.94169], [-74.19825, 4.94192], [-74.19796, 4.94225], [-74.19776, 4.94227], [-74.19741, 4.94244], [-74.19739, 4.94263], [-74.19731, 4.9427], [-74.19706, 4.94294], [-74.19668, 4.94335], [-74.19635, 4.94362], [-74.19613, 4.94383], [-74.19605, 4.94395], [-74.19579, 4.94422], [-74.19564, 4.94429], [-74.19549, 4.94438], [-74.1955, 4.94449], [-74.19551, 4.94454], [-74.1956, 4.94462], [-74.19572, 4.94476], [-74.19576, 4.94492], [-74.19575, 4.94502], [-74.19571, 4.94509], [-74.19557, 4.94519], [-74.19555, 4.94526], [-74.19558, 4.94536], [-74.19565, 4.94535], [-74.19583, 4.94533], [-74.19598, 4.9453], [-74.1962, 4.94523], [-74.19636, 4.94518], [-74.19651, 4.94518], [-74.1966, 4.9452], [-74.19661, 4.94534], [-74.19646, 4.94536], [-74.19634, 4.94548], [-74.19633, 4.94561], [-74.19631, 4.94585], [-74.1963, 4.94593], [-74.19617, 4.94605], [-74.19612, 4.94624], [-74.19592, 4.94641], [-74.19592, 4.94648], [-74.19585, 4.94657], [-74.19579, 4.9466], [-74.19561, 4.9465], [-74.1955, 4.94649], [-74.19534, 4.94648], [-74.19523, 4.9465], [-74.19517, 4.94655], [-74.19522, 4.94669], [-74.19525, 4.94675], [-74.1952, 4.94684], [-74.19515, 4.94682], [-74.19498, 4.94676], [-74.19492, 4.94666], [-74.19483, 4.94662], [-74.19475, 4.94669], [-74.19465, 4.94673], [-74.1946, 4.94675], [-74.19458, 4.9467], [-74.19459, 4.94665], [-74.19454, 4.94656], [-74.19446, 4.9466], [-74.19435, 4.94667], [-74.19433, 4.9468], [-74.19438, 4.94696], [-74.19437, 4.94703], [-74.19422, 4.94713], [-74.19416, 4.94727], [-74.19414, 4.94742], [-74.19396, 4.94754], [-74.19373, 4.94753], [-74.19362, 4.94749], [-74.19302, 4.94687], [-74.19254, 4.94718], [-74.19267, 4.94773], [-74.19272, 4.94804], [-74.19252, 4.94807], [-74.19214, 4.94809], [-74.19166, 4.94804], [-74.19117, 4.94793], [-74.19068, 4.94783], [-74.19037, 4.94769], [-74.19022, 4.94738], [-74.19013, 4.94742], [-74.18998, 4.94761], [-74.18988, 4.94783], [-74.18985, 4.94793], [-74.19003, 4.94799], [-74.1904, 4.94815], [-74.19077, 4.94823], [-74.19115, 4.9483], [-74.19165, 4.94843], [-74.19158, 4.94909], [-74.19164, 4.95008], [-74.19235, 4.95233], [-74.19264, 4.95244], [-74.19298, 4.95249], [-74.19332, 4.95248], [-74.19359, 4.95246], [-74.19409, 4.95249], [-74.19445, 4.95245], [-74.19454, 4.95245], [-74.19505, 4.95242], [-74.19539, 4.95248], [-74.19569, 4.95266], [-74.19585, 4.95277], [-74.19607, 4.95302], [-74.19625, 4.95319], [-74.19682, 4.95355], [-74.19749, 4.95399], [-74.19733, 4.95401], [-74.196, 4.95505], [-74.19683, 4.95571], [-74.1965, 4.95577], [-74.19618, 4.95569], [-74.19589, 4.9556], [-74.19532, 4.95537]]]}, "properties": {"nombre": "El Centro (Llanitos)", "name": "Vereda El Centro (Llanitos)", "color": "#39aec5", "type": "vereda"}}, {"type": "Feature", "geometry": {"type": "MultiPolygon", "coordinates": [[[[-74.09455, 5.07107], [-74.09449, 5.07052], [-74.09438, 5.06995], [-74.09428, 5.06943], [-74.09424, 5.06916], [-74.09423, 5.06881], [-74.09422, 5.06843], [-74.09419, 5.06805], [-74.09416, 5.06776], [-74.09415, 5.06767], [-74.09411, 5.06742], [-74.09399, 5.06719], [-74.0939, 5.06708], [-74.09381, 5.06697], [-74.09362, 5.06656], [-74.09351, 5.06628], [-74.09345, 5.06603], [-74.09339, 5.06573], [-74.09339, 5.06571], [-74.09334, 5.0653], [-74.09332, 5.06481], [-74.09333, 5.06472], [-74.09336, 5.06433], [-74.09342, 5.06396], [-74.09355, 5.06375], [-74.09371, 5.06357], [-74.09413, 5.0633], [-74.09449, 5.06307], [-74.09468, 5.06293], [-74.09492, 5.06272], [-74.09511, 5.06246], [-74.09525, 5.06218], [-74.09532, 5.06194], [-74.09533, 5.06175], [-74.09531, 5.0616], [-74.09516, 5.06139], [-74.09475, 5.06077], [-74.09435, 5.06022], [-74.09378, 5.05947], [-74.09334, 5.05891], [-74.09334, 5.0589], [-74.09301, 5.05848], [-74.0927, 5.05813], [-74.09247, 5.05788], [-74.09234, 5.05767], [-74.09218, 5.05721], [-74.09208, 5.05667], [-74.09206, 5.056], [-74.0921, 5.05525], [-74.0922, 5.05434], [-74.09229, 5.05364], [-74.09229, 5.05322], [-74.09227, 5.0527], [-74.09229, 5.05201], [-74.09231, 5.05136], [-74.09231, 5.05091], [-74.0923, 5.05083], [-74.09229, 5.05076], [-74.09221, 5.0507], [-74.09206, 5.0507], [-74.09186, 5.05068], [-74.09172, 5.05064], [-74.09136, 5.05052], [-74.09085, 5.05036], [-74.09044, 5.05026], [-74.08997, 5.0502], [-74.08952, 5.05011], [-74.08938, 5.05006], [-74.08932, 5.05004], [-74.08925, 5.04999], [-74.08916, 5.04984], [-74.08903, 5.04965], [-74.08884, 5.04937], [-74.08877, 5.04924], [-74.08876, 5.04911], [-74.08875, 5.04891], [-74.08875, 5.04866], [-74.08876, 5.04841], [-74.08876, 5.04831], [-74.08873, 5.04823], [-74.08862, 5.04815], [-74.08854, 5.04808], [-74.08839, 5.04796], [-74.08824, 5.04787], [-74.08806, 5.0478], [-74.08785, 5.04776], [-74.08765, 5.04772], [-74.08751, 5.04768], [-74.08741, 5.0476], [-74.08729, 5.04748], [-74.08716, 5.04729], [-74.08698, 5.0471], [-74.08674, 5.04689], [-74.08651, 5.04667], [-74.08622, 5.04642], [-74.08592, 5.04617], [-74.08569, 5.04599], [-74.08562, 5.04592], [-74.08553, 5.04577], [-74.08545, 5.04556], [-74.08538, 5.04545], [-74.08536, 5.04541], [-74.08515, 5.04515], [-74.08492, 5.04489], [-74.08462, 5.04454], [-74.08432, 5.0442], [-74.08424, 5.04408], [-74.0842, 5.04406], [-74.08416, 5.04404], [-74.08413, 5.04404], [-74.08408, 5.04404], [-74.08403, 5.04404], [-74.08397, 5.04404], [-74.08391, 5.04404], [-74.08382, 5.04406], [-74.08372, 5.04408], [-74.08366, 5.04408], [-74.08357, 5.04407], [-74.0835, 5.04403], [-74.08336, 5.04389], [-74.08309, 5.04357], [-74.08271, 5.04316], [-74.08243, 5.04286], [-74.082, 5.04247], [-74.08154, 5.04206], [-74.08082, 5.04152], [-74.0806, 5.04133], [-74.08047, 5.04117], [-74.08146, 5.04061], [-74.08166, 5.04042], [-74.08186, 5.04023], [-74.08208, 5.04019], [-74.08241, 5.04015], [-74.08278, 5.04], [-74.08354, 5.0397], [-74.08455, 5.0393], [-74.08548, 5.03893], [-74.08642, 5.03855], [-74.0871, 5.03828], [-74.08797, 5.0378], [-74.08913, 5.03718], [-74.09013, 5.03662], [-74.09072, 5.03629], [-74.09114, 5.03611], [-74.09185, 5.0359], [-74.0921, 5.03589], [-74.09237, 5.03624], [-74.0927, 5.03643], [-74.09306, 5.0366], [-74.09338, 5.03677], [-74.09359, 5.03671], [-74.0936, 5.03664], [-74.09369, 5.03648], [-74.09404, 5.0365], [-74.09437, 5.03651], [-74.09456, 5.03642], [-74.09458, 5.03612], [-74.09463, 5.03554], [-74.09466, 5.03521], [-74.09476, 5.03511], [-74.09535, 5.03501], [-74.09574, 5.03503], [-74.09599, 5.03506], [-74.09651, 5.03496], [-74.09688, 5.03483], [-74.09717, 5.0347], [-74.09783, 5.03441], [-74.09817, 5.0343], [-74.09859, 5.03429], [-74.099, 5.03419], [-74.09942, 5.03392], [-74.09996, 5.03358], [-74.1003, 5.03335], [-74.10055, 5.03324], [-74.10103, 5.033], [-74.10161, 5.03272], [-74.10191, 5.03261], [-74.10234, 5.03248], [-74.1026, 5.03233], [-74.10282, 5.03202], [-74.10316, 5.03197], [-74.10397, 5.03197], [-74.10474, 5.03198], [-74.10563, 5.03198], [-74.10601, 5.03212], [-74.10688, 5.03234], [-74.10685, 5.03204], [-74.10671, 5.03185], [-74.10646, 5.03156], [-74.10613, 5.0314], [-74.10587, 5.03124], [-74.10568, 5.03115], [-74.1056, 5.03096], [-74.1057, 5.03072], [-74.10596, 5.03009], [-74.10618, 5.0296], [-74.10625, 5.02939], [-74.10655, 5.02956], [-74.10677, 5.02983], [-74.10709, 5.03015], [-74.10759, 5.03044], [-74.10826, 5.03059], [-74.10868, 5.03054], [-74.10894, 5.0306], [-74.10915, 5.03068], [-74.10943, 5.0308], [-74.10974, 5.03081], [-74.11039, 5.03057], [-74.11064, 5.03042], [-74.11074, 5.03018], [-74.11091, 5.02996], [-74.11109, 5.02986], [-74.11144, 5.02969], [-74.11168, 5.02955], [-74.11192, 5.02919], [-74.11202, 5.02893], [-74.11235, 5.02834], [-74.11254, 5.02801], [-74.11278, 5.02747], [-74.11296, 5.02711], [-74.11315, 5.02687], [-74.11325, 5.02672], [-74.11362, 5.0269], [-74.11422, 5.02727], [-74.1145, 5.0273], [-74.11458, 5.0271], [-74.11497, 5.02646], [-74.11522, 5.02605], [-74.11541, 5.02573], [-74.11546, 5.02542], [-74.11567, 5.02512], [-74.11589, 5.02479], [-74.11618, 5.02437], [-74.11639, 5.02404], [-74.11654, 5.02381], [-74.11671, 5.02353], [-74.11687, 5.02311], [-74.11697, 5.02276], [-74.11728, 5.02261], [-74.11771, 5.02232], [-74.11782, 5.02209], [-74.118, 5.02175], [-74.11815, 5.02093], [-74.1182, 5.02068], [-74.11827, 5.02044], [-74.1181, 5.02038], [-74.1179, 5.02033], [-74.11777, 5.02053], [-74.11769, 5.02052], [-74.11745, 5.02049], [-74.1174, 5.02032], [-74.11753, 5.01999], [-74.11756, 5.01972], [-74.1175, 5.01952], [-74.11746, 5.01939], [-74.11775, 5.01895], [-74.11823, 5.01895], [-74.11831, 5.01874], [-74.11838, 5.01862], [-74.11942, 5.01877], [-74.11991, 5.01878], [-74.12008, 5.01849], [-74.12024, 5.01821], [-74.12055, 5.01817], [-74.12118, 5.01824], [-74.12147, 5.01812], [-74.12185, 5.0179], [-74.12252, 5.01763], [-74.12278, 5.01749], [-74.12319, 5.01693], [-74.12334, 5.01675], [-74.12374, 5.01657], [-74.12455, 5.01642], [-74.12487, 5.01647], [-74.12513, 5.0164], [-74.12535, 5.01621], [-74.12561, 5.01592], [-74.12571, 5.01565], [-74.12579, 5.01534], [-74.12617, 5.01461], [-74.12643, 5.01401], [-74.12672, 5.01325], [-74.12691, 5.01309], [-74.12722, 5.01321], [-74.12745, 5.01335], [-74.12754, 5.0135], [-74.12765, 5.0136], [-74.12802, 5.0135], [-74.12825, 5.0134], [-74.12867, 5.01324], [-74.12948, 5.01315], [-74.13006, 5.01305], [-74.13086, 5.01276], [-74.13137, 5.0124], [-74.13168, 5.01208], [-74.13198, 5.0118], [-74.13209, 5.0115], [-74.13217, 5.01125], [-74.13208, 5.01099], [-74.13201, 5.01082], [-74.13207, 5.01063], [-74.13248, 5.01014], [-74.13287, 5.00979], [-74.1331, 5.00958], [-74.13314, 5.0092], [-74.1332, 5.00833], [-74.13321, 5.00791], [-74.13326, 5.00722], [-74.1333, 5.00684], [-74.1333, 5.00682], [-74.13335, 5.00649], [-74.13342, 5.00628], [-74.13367, 5.00614], [-74.13378, 5.00603], [-74.13377, 5.00582], [-74.13374, 5.00581], [-74.13373, 5.00578], [-74.13372, 5.00572], [-74.13371, 5.0057], [-74.13371, 5.00567], [-74.13371, 5.00564], [-74.13371, 5.00561], [-74.13371, 5.0056], [-74.13372, 5.00558], [-74.13373, 5.00556], [-74.13374, 5.00554], [-74.13375, 5.00553], [-74.13377, 5.00551], [-74.13378, 5.0055], [-74.1338, 5.00549], [-74.13382, 5.00547], [-74.13385, 5.00545], [-74.13386, 5.00544], [-74.13388, 5.00543], [-74.1339, 5.00541], [-74.13393, 5.00539], [-74.13395, 5.00537], [-74.13398, 5.00534], [-74.13402, 5.00531], [-74.13405, 5.00528], [-74.13408, 5.00526], [-74.13412, 5.00522], [-74.13415, 5.0052], [-74.13418, 5.00517], [-74.13419, 5.00515], [-74.13421, 5.00513], [-74.13423, 5.00511], [-74.13425, 5.00509], [-74.13427, 5.00505], [-74.13428, 5.00502], [-74.13428, 5.00498], [-74.13427, 5.00493], [-74.13426, 5.00488], [-74.13426, 5.00484], [-74.13425, 5.00481], [-74.13425, 5.00477], [-74.13424, 5.00473], [-74.13424, 5.00469], [-74.13422, 5.00462], [-74.13422, 5.0046], [-74.13421, 5.00456], [-74.13421, 5.00452], [-74.1342, 5.00448], [-74.1342, 5.00445], [-74.13419, 5.00441], [-74.13419, 5.00439], [-74.13419, 5.00436], [-74.13418, 5.00432], [-74.13418, 5.00429], [-74.13417, 5.00424], [-74.13416, 5.00419], [-74.13415, 5.00416], [-74.13413, 5.00413], [-74.13412, 5.00409], [-74.1341, 5.00405], [-74.13409, 5.00402], [-74.13407, 5.00398], [-74.13405, 5.00394], [-74.13402, 5.00392], [-74.134, 5.00388], [-74.13398, 5.00385], [-74.13395, 5.00382], [-74.13393, 5.0038], [-74.13391, 5.00378], [-74.13389, 5.00376], [-74.13387, 5.00374], [-74.13387, 5.00373], [-74.13385, 5.00371], [-74.13385, 5.0037], [-74.13386, 5.00369], [-74.13386, 5.00368], [-74.1341, 5.00333], [-74.13434, 5.00299], [-74.13453, 5.00229], [-74.13453, 5.00225], [-74.1345, 5.0022], [-74.13446, 5.00215], [-74.13457, 5.00194], [-74.13498, 5.00231], [-74.13531, 5.0026], [-74.13552, 5.00278], [-74.13602, 5.00314], [-74.13657, 5.00348], [-74.13774, 5.00415], [-74.13871, 5.00462], [-74.13929, 5.00483], [-74.14028, 5.00524], [-74.14099, 5.00571], [-74.14153, 5.0059], [-74.14197, 5.00615], [-74.14255, 5.00645], [-74.14284, 5.00662], [-74.14321, 5.00695], [-74.14339, 5.00713], [-74.14373, 5.00745], [-74.14397, 5.00758], [-74.14412, 5.00771], [-74.14449, 5.00778], [-74.14482, 5.00791], [-74.14499, 5.00816], [-74.14512, 5.00831], [-74.14515, 5.00858], [-74.14514, 5.00874], [-74.14537, 5.00892], [-74.14556, 5.00912], [-74.14556, 5.00934], [-74.14536, 5.00972], [-74.14537, 5.00987], [-74.14549, 5.00999], [-74.14564, 5.01012], [-74.14585, 5.01045], [-74.14592, 5.01074], [-74.14596, 5.01102], [-74.14606, 5.01117], [-74.14616, 5.01117], [-74.14638, 5.01117], [-74.14653, 5.01128], [-74.14674, 5.01151], [-74.14713, 5.01187], [-74.14742, 5.01212], [-74.14749, 5.01234], [-74.1478, 5.01258], [-74.148, 5.01265], [-74.14854, 5.01261], [-74.14908, 5.01254], [-74.1494, 5.01262], [-74.14962, 5.01274], [-74.14978, 5.01289], [-74.14986, 5.01312], [-74.14997, 5.01349], [-74.15032, 5.01384], [-74.15046, 5.01395], [-74.15056, 5.0142], [-74.15064, 5.01453], [-74.1506, 5.01505], [-74.1506, 5.01533], [-74.15076, 5.01556], [-74.15085, 5.01593], [-74.1508, 5.01612], [-74.15076, 5.01624], [-74.15068, 5.01652], [-74.15067, 5.01686], [-74.15067, 5.0171], [-74.15081, 5.0173], [-74.15097, 5.01748], [-74.15114, 5.01755], [-74.15147, 5.01752], [-74.15181, 5.01742], [-74.152, 5.01743], [-74.15228, 5.01753], [-74.15244, 5.01767], [-74.15254, 5.01793], [-74.15267, 5.01827], [-74.15281, 5.01845], [-74.15287, 5.01857], [-74.15288, 5.01879], [-74.1528, 5.01897], [-74.15266, 5.01915], [-74.1524, 5.01949], [-74.15219, 5.01954], [-74.15192, 5.01959], [-74.15161, 5.01961], [-74.15137, 5.01954], [-74.15128, 5.01954], [-74.15088, 5.01949], [-74.1507, 5.01953], [-74.15043, 5.01964], [-74.15016, 5.01979], [-74.15003, 5.01991], [-74.15012, 5.02001], [-74.15025, 5.02034], [-74.15019, 5.02071], [-74.15022, 5.02094], [-74.15024, 5.02101], [-74.15029, 5.0211], [-74.1505, 5.02141], [-74.15063, 5.02159], [-74.15087, 5.02187], [-74.15085, 5.02212], [-74.15083, 5.02274], [-74.15091, 5.02285], [-74.15121, 5.02304], [-74.15136, 5.02317], [-74.15141, 5.02341], [-74.15137, 5.02362], [-74.15137, 5.02376], [-74.15157, 5.02412], [-74.15176, 5.02432], [-74.15203, 5.02451], [-74.15216, 5.02465], [-74.15223, 5.02479], [-74.15216, 5.02493], [-74.15208, 5.02506], [-74.15204, 5.02528], [-74.15211, 5.0254], [-74.15219, 5.02547], [-74.15237, 5.02555], [-74.15261, 5.0256], [-74.15273, 5.02568], [-74.15284, 5.02589], [-74.15292, 5.02599], [-74.153, 5.02626], [-74.15304, 5.02653], [-74.15301, 5.02671], [-74.15284, 5.027], [-74.15263, 5.02728], [-74.15258, 5.02749], [-74.15265, 5.02768], [-74.15273, 5.02785], [-74.15283, 5.028], [-74.15291, 5.02809], [-74.15293, 5.02828], [-74.15293, 5.02843], [-74.153, 5.02845], [-74.15313, 5.02854], [-74.15319, 5.0286], [-74.15318, 5.02877], [-74.15315, 5.02896], [-74.15329, 5.02917], [-74.15348, 5.02956], [-74.15348, 5.02981], [-74.15341, 5.0299], [-74.15329, 5.03006], [-74.15322, 5.03026], [-74.1532, 5.03053], [-74.15319, 5.03083], [-74.15315, 5.03104], [-74.153, 5.03142], [-74.15292, 5.03168], [-74.15292, 5.03181], [-74.15293, 5.03211], [-74.15298, 5.0324], [-74.15301, 5.03257], [-74.15305, 5.03303], [-74.15309, 5.03321], [-74.15324, 5.03353], [-74.15338, 5.03369], [-74.15363, 5.03385], [-74.15373, 5.03392], [-74.15396, 5.03412], [-74.1542, 5.03433], [-74.1544, 5.03452], [-74.15467, 5.03476], [-74.15479, 5.03494], [-74.15481, 5.03516], [-74.15481, 5.03537], [-74.15478, 5.03577], [-74.15479, 5.03603], [-74.1548, 5.03623], [-74.15473, 5.03665], [-74.15466, 5.03696], [-74.15464, 5.03714], [-74.15489, 5.03765], [-74.15508, 5.038], [-74.15529, 5.03832], [-74.15546, 5.03867], [-74.1556, 5.039], [-74.15567, 5.03927], [-74.15592, 5.03977], [-74.15611, 5.04021], [-74.15626, 5.04046], [-74.15651, 5.04088], [-74.15685, 5.04134], [-74.1571, 5.04181], [-74.15722, 5.04208], [-74.15723, 5.04272], [-74.15721, 5.04298], [-74.15711, 5.04327], [-74.15709, 5.04326], [-74.15673, 5.04313], [-74.15644, 5.0429], [-74.15576, 5.04229], [-74.15519, 5.0418], [-74.15508, 5.04164], [-74.15497, 5.04102], [-74.15492, 5.04056], [-74.15493, 5.04022], [-74.15485, 5.03992], [-74.1547, 5.03974], [-74.15441, 5.03954], [-74.15384, 5.03939], [-74.15328, 5.03928], [-74.15273, 5.0393], [-74.1523, 5.03946], [-74.15194, 5.03959], [-74.1515, 5.03976], [-74.15121, 5.04001], [-74.15085, 5.04036], [-74.15047, 5.04072], [-74.15016, 5.04097], [-74.14993, 5.041], [-74.14976, 5.04099], [-74.14964, 5.04098], [-74.14932, 5.04087], [-74.14892, 5.04059], [-74.1483, 5.04006], [-74.14781, 5.03953], [-74.14718, 5.03888], [-74.14709, 5.03878], [-74.1466, 5.03827], [-74.1459, 5.03775], [-74.14539, 5.03747], [-74.14508, 5.03742], [-74.14473, 5.03753], [-74.14453, 5.03763], [-74.14415, 5.03785], [-74.14384, 5.03811], [-74.14339, 5.03845], [-74.14302, 5.039], [-74.14256, 5.03971], [-74.14229, 5.04004], [-74.14221, 5.04013], [-74.14176, 5.04084], [-74.14161, 5.04128], [-74.14148, 5.04178], [-74.14145, 5.0419], [-74.14135, 5.04232], [-74.14109, 5.04309], [-74.14087, 5.04381], [-74.14077, 5.04438], [-74.14073, 5.04478], [-74.14073, 5.04515], [-74.14077, 5.04559], [-74.14096, 5.04615], [-74.14109, 5.04659], [-74.14128, 5.04698], [-74.14129, 5.047], [-74.14148, 5.04744], [-74.14162, 5.0478], [-74.14164, 5.04801], [-74.14161, 5.04814], [-74.14152, 5.04821], [-74.14139, 5.04823], [-74.14116, 5.04827], [-74.14093, 5.04827], [-74.14082, 5.04827], [-74.14066, 5.04832], [-74.14035, 5.04841], [-74.13983, 5.04852], [-74.13942, 5.04865], [-74.13901, 5.04879], [-74.13847, 5.04901], [-74.13802, 5.04927], [-74.13767, 5.04946], [-74.13754, 5.04961], [-74.13748, 5.04976], [-74.13744, 5.04993], [-74.13744, 5.05022], [-74.13748, 5.05092], [-74.13754, 5.05131], [-74.13759, 5.0522], [-74.13756, 5.05296], [-74.13753, 5.05407], [-74.13761, 5.05481], [-74.13766, 5.05537], [-74.13767, 5.05592], [-74.13772, 5.05671], [-74.13772, 5.05726], [-74.13767, 5.05759], [-74.13759, 5.05779], [-74.13744, 5.05814], [-74.13717, 5.05846], [-74.13716, 5.05847], [-74.13684, 5.05882], [-74.13662, 5.0591], [-74.13656, 5.05928], [-74.13642, 5.05966], [-74.13623, 5.06008], [-74.13612, 5.06046], [-74.13603, 5.06065], [-74.1359, 5.06076], [-74.13575, 5.06084], [-74.13567, 5.06091], [-74.13564, 5.06102], [-74.13558, 5.0612], [-74.13547, 5.06131], [-74.13525, 5.06141], [-74.13498, 5.06149], [-74.13495, 5.0615], [-74.13456, 5.06159], [-74.13399, 5.06165], [-74.13344, 5.06169], [-74.13324, 5.06167], [-74.13304, 5.06165], [-74.13261, 5.06161], [-74.13226, 5.06157], [-74.13191, 5.06143], [-74.13165, 5.06147], [-74.13142, 5.06159], [-74.13101, 5.06191], [-74.13045, 5.06234], [-74.12975, 5.06319], [-74.12941, 5.06375], [-74.12913, 5.06437], [-74.12906, 5.06447], [-74.12884, 5.06484], [-74.12842, 5.06521], [-74.12813, 5.06552], [-74.12776, 5.06588], [-74.12738, 5.06638], [-74.12714, 5.06683], [-74.12714, 5.06683], [-74.12708, 5.06731], [-74.12703, 5.0679], [-74.12701, 5.06829], [-74.12691, 5.06857], [-74.12669, 5.06876], [-74.1265, 5.06886], [-74.12624, 5.06891], [-74.12592, 5.06893], [-74.12554, 5.0689], [-74.12508, 5.06893], [-74.1244, 5.06894], [-74.12385, 5.06904], [-74.12344, 5.06931], [-74.12302, 5.06973], [-74.12275, 5.06983], [-74.12235, 5.06977], [-74.1218, 5.06959], [-74.12084, 5.06939], [-74.12048, 5.06935], [-74.12021, 5.06932], [-74.12016, 5.06933], [-74.11946, 5.06936], [-74.11873, 5.06958], [-74.11814, 5.06973], [-74.11756, 5.07001], [-74.11727, 5.07019], [-74.11673, 5.07051], [-74.116, 5.07105], [-74.11544, 5.07151], [-74.11505, 5.07204], [-74.11455, 5.07255], [-74.11421, 5.07279], [-74.11396, 5.07288], [-74.11371, 5.07292], [-74.11311, 5.07266], [-74.11277, 5.07248], [-74.1125, 5.07224], [-74.11235, 5.07207], [-74.11162, 5.07169], [-74.11088, 5.07138], [-74.11033, 5.07121], [-74.10997, 5.07108], [-74.10977, 5.07098], [-74.10958, 5.07081], [-74.10936, 5.07055], [-74.10913, 5.07033], [-74.10897, 5.07019], [-74.10876, 5.07013], [-74.10835, 5.07009], [-74.10797, 5.07012], [-74.10749, 5.07011], [-74.10716, 5.07016], [-74.10688, 5.07021], [-74.10651, 5.07029], [-74.10621, 5.07039], [-74.10596, 5.07052], [-74.10565, 5.07061], [-74.10536, 5.07062], [-74.10499, 5.07048], [-74.10469, 5.07035], [-74.10462, 5.07032], [-74.10413, 5.0701], [-74.1039, 5.07003], [-74.10369, 5.07007], [-74.10347, 5.07019], [-74.10325, 5.07033], [-74.10301, 5.07049], [-74.10278, 5.07057], [-74.10242, 5.07063], [-74.1022, 5.07059], [-74.10207, 5.07052], [-74.10183, 5.07039], [-74.10162, 5.07033], [-74.10148, 5.07037], [-74.10136, 5.07043], [-74.10118, 5.07052], [-74.101, 5.07062], [-74.10078, 5.07066], [-74.10062, 5.07069], [-74.10042, 5.0707], [-74.10017, 5.07068], [-74.09999, 5.07066], [-74.09977, 5.07067], [-74.09934, 5.07072], [-74.09895, 5.07078], [-74.09853, 5.07084], [-74.09828, 5.07088], [-74.09789, 5.07101], [-74.09748, 5.07117], [-74.09716, 5.07131], [-74.09693, 5.07143], [-74.09678, 5.07154], [-74.09659, 5.07171], [-74.09638, 5.07193], [-74.09622, 5.07209], [-74.09605, 5.07238], [-74.09588, 5.0727], [-74.0957, 5.07296], [-74.09553, 5.07319], [-74.09553, 5.07319], [-74.09532, 5.07342], [-74.09521, 5.07356], [-74.09512, 5.07362], [-74.095, 5.07362], [-74.0949, 5.07362], [-74.09482, 5.07357], [-74.09477, 5.07348], [-74.09477, 5.07333], [-74.0948, 5.07316], [-74.09484, 5.07301], [-74.0949, 5.07279], [-74.09494, 5.07255], [-74.09492, 5.07239], [-74.09491, 5.07235], [-74.09487, 5.07217], [-74.0948, 5.07196], [-74.09469, 5.07169], [-74.0946, 5.07142], [-74.09457, 5.07128], [-74.09455, 5.07107]]], [[[-74.13266, 4.99885], [-74.1329, 4.99859], [-74.13292, 4.99836], [-74.133, 4.99863], [-74.1333, 4.9985], [-74.13358, 4.99867], [-74.13369, 4.99878], [-74.134, 4.99908], [-74.13428, 4.99936], [-74.13449, 4.99957], [-74.13422, 4.99932], [-74.13354, 4.99867], [-74.13351, 4.99868], [-74.13348, 4.99873], [-74.13347, 4.99875], [-74.13343, 4.99883], [-74.13332, 4.99907], [-74.13325, 4.99922], [-74.13325, 4.99922], [-74.13324, 4.99924], [-74.13324, 4.99926], [-74.13323, 4.9993], [-74.13323, 4.99934], [-74.13323, 4.99937], [-74.13322, 4.99943], [-74.13322, 4.99947], [-74.13321, 4.99957], [-74.13321, 4.99988], [-74.13323, 5.00042], [-74.13316, 5.00043], [-74.13232, 5.0004], [-74.13214, 5.0004], [-74.13178, 5.00017], [-74.13161, 5.0001], [-74.13151, 4.99984], [-74.13167, 4.99967], [-74.13209, 4.99938], [-74.13241, 4.99918], [-74.13266, 4.99885]]], [[[-74.13015, 5.0023], [-74.1305, 5.0021], [-74.13074, 5.00217], [-74.13096, 5.00229], [-74.13093, 5.0025], [-74.13091, 5.00252], [-74.13091, 5.00253], [-74.13091, 5.00253], [-74.13091, 5.00254], [-74.13091, 5.00255], [-74.13091, 5.00256], [-74.1309, 5.00258], [-74.1309, 5.00258], [-74.13088, 5.00262], [-74.13082, 5.00271], [-74.13081, 5.00273], [-74.13076, 5.00277], [-74.13067, 5.00285], [-74.13056, 5.00296], [-74.13058, 5.00298], [-74.13058, 5.00299], [-74.13071, 5.00316], [-74.13071, 5.00317], [-74.13071, 5.00318], [-74.1307, 5.00319], [-74.13069, 5.0032], [-74.13068, 5.00322], [-74.13066, 5.00323], [-74.13065, 5.00324], [-74.13064, 5.00325], [-74.13062, 5.00326], [-74.13061, 5.00327], [-74.13059, 5.00329], [-74.13058, 5.00329], [-74.13058, 5.0033], [-74.13057, 5.00331], [-74.13056, 5.00332], [-74.13055, 5.00334], [-74.13055, 5.00334], [-74.13054, 5.00336], [-74.13054, 5.00337], [-74.13053, 5.00338], [-74.13053, 5.00339], [-74.13052, 5.00341], [-74.13052, 5.00343], [-74.13052, 5.00345], [-74.13052, 5.00347], [-74.13052, 5.00348], [-74.13051, 5.0035], [-74.13051, 5.00351], [-74.13051, 5.00352], [-74.13051, 5.00353], [-74.13051, 5.00354], [-74.1305, 5.00355], [-74.1305, 5.00356], [-74.1305, 5.00357], [-74.13049, 5.00357], [-74.13049, 5.00358], [-74.1305, 5.00359], [-74.1305, 5.0036], [-74.13051, 5.00361], [-74.13052, 5.00362], [-74.13052, 5.00362], [-74.13054, 5.00363], [-74.13056, 5.00367], [-74.13057, 5.0037], [-74.13058, 5.00373], [-74.13059, 5.00377], [-74.13061, 5.00386], [-74.13065, 5.004], [-74.13071, 5.0042], [-74.13072, 5.00425], [-74.13078, 5.00446], [-74.13076, 5.00448], [-74.13074, 5.0045], [-74.13072, 5.00452], [-74.1307, 5.00456], [-74.13069, 5.00452], [-74.13043, 5.0037], [-74.13041, 5.00349], [-74.13014, 5.00334], [-74.1301, 5.00305], [-74.13, 5.00294], [-74.12996, 5.00277], [-74.13004, 5.00241], [-74.13015, 5.0023]]], [[[-74.13241, 5.00643], [-74.13242, 5.00624], [-74.1326, 5.00627], [-74.1327, 5.00612], [-74.13272, 5.006], [-74.13275, 5.00599], [-74.13276, 5.00598], [-74.13279, 5.00598], [-74.13282, 5.00597], [-74.13285, 5.00596], [-74.13288, 5.00595], [-74.13294, 5.00593], [-74.13295, 5.00593], [-74.13282, 5.00613], [-74.13269, 5.00648], [-74.1326, 5.00651], [-74.13241, 5.00643]]], [[[-74.13182, 5.00494], [-74.13183, 5.00481], [-74.13219, 5.00482], [-74.13222, 5.00484], [-74.13222, 5.00486], [-74.13222, 5.00488], [-74.13222, 5.00491], [-74.13221, 5.00496], [-74.13221, 5.00499], [-74.13182, 5.00494]]], [[[-74.13238, 5.00541], [-74.1323, 5.0053], [-74.13231, 5.0053], [-74.13241, 5.00531], [-74.13242, 5.00534], [-74.13242, 5.00545], [-74.13238, 5.00541]]]]}, "properties": {"nombre": "El Guamal", "name": "Vereda El Guamal", "color": "#c53985", "type": "vereda"}}, {"type": "Feature", "geometry": {"type": "Polygon", "coordinates": [[[-74.16738, 4.98699], [-74.16765, 4.98621], [-74.16837, 4.98553], [-74.16948, 4.98457], [-74.16983, 4.98469], [-74.17304, 4.98597], [-74.17345, 4.98615], [-74.1741, 4.98497], [-74.17474, 4.98461], [-74.17498, 4.98457], [-74.17668, 4.9857], [-74.17738, 4.9858], [-74.17819, 4.98407], [-74.17901, 4.98236], [-74.17951, 4.98129], [-74.17948, 4.98082], [-74.17933, 4.97979], [-74.17922, 4.97902], [-74.17912, 4.97901], [-74.1787, 4.97894], [-74.17897, 4.97836], [-74.17917, 4.97796], [-74.17937, 4.97741], [-74.17952, 4.97705], [-74.17977, 4.97664], [-74.18002, 4.97636], [-74.18002, 4.97611], [-74.17996, 4.97594], [-74.18067, 4.97579], [-74.18169, 4.97557], [-74.18166, 4.97543], [-74.1828, 4.9751], [-74.18278, 4.97502], [-74.18207, 4.97455], [-74.182, 4.9745], [-74.18266, 4.97441], [-74.18339, 4.97432], [-74.18382, 4.97426], [-74.18379, 4.9741], [-74.18425, 4.97362], [-74.18449, 4.97344], [-74.18524, 4.97321], [-74.18526, 4.97285], [-74.18529, 4.97249], [-74.18604, 4.97149], [-74.1866, 4.9712], [-74.18633, 4.97036], [-74.18595, 4.96959], [-74.18522, 4.96848], [-74.18654, 4.96787], [-74.18788, 4.96699], [-74.18917, 4.9662], [-74.18989, 4.96526], [-74.19014, 4.96434], [-74.1904, 4.96333], [-74.19037, 4.96291], [-74.19021, 4.96202], [-74.18972, 4.96073], [-74.18937, 4.95949], [-74.19021, 4.95866], [-74.19, 4.95789], [-74.18986, 4.95729], [-74.18952, 4.95601], [-74.18936, 4.95508], [-74.18927, 4.95472], [-74.18892, 4.95422], [-74.18922, 4.95365], [-74.1897, 4.95369], [-74.19023, 4.95373], [-74.19082, 4.95374], [-74.19103, 4.95377], [-74.19129, 4.95391], [-74.19149, 4.95403], [-74.1916, 4.9542], [-74.19194, 4.95471], [-74.19205, 4.9548], [-74.19259, 4.95492], [-74.19337, 4.95505], [-74.19387, 4.95508], [-74.19479, 4.95506], [-74.19532, 4.95537], [-74.19589, 4.9556], [-74.19618, 4.95569], [-74.1965, 4.95577], [-74.19683, 4.95571], [-74.196, 4.95505], [-74.19733, 4.95401], [-74.19749, 4.95399], [-74.19801, 4.95395], [-74.19822, 4.95392], [-74.19858, 4.95383], [-74.19888, 4.95376], [-74.19901, 4.9537], [-74.19926, 4.95354], [-74.19936, 4.95333], [-74.19954, 4.95298], [-74.19969, 4.95247], [-74.19971, 4.95198], [-74.19969, 4.95182], [-74.19948, 4.95163], [-74.19931, 4.95141], [-74.19937, 4.95125], [-74.19937, 4.95096], [-74.19932, 4.95071], [-74.19922, 4.9506], [-74.19902, 4.95052], [-74.19889, 4.95047], [-74.19846, 4.95044], [-74.19835, 4.95038], [-74.19823, 4.95033], [-74.19823, 4.9501], [-74.19808, 4.94999], [-74.19801, 4.94987], [-74.19783, 4.94949], [-74.19807, 4.94953], [-74.19832, 4.94963], [-74.19848, 4.94967], [-74.19906, 4.94979], [-74.19944, 4.94966], [-74.19965, 4.94958], [-74.19988, 4.94963], [-74.20028, 4.94989], [-74.20063, 4.9501], [-74.20127, 4.95032], [-74.20187, 4.95054], [-74.20225, 4.9507], [-74.20293, 4.95077], [-74.20347, 4.95088], [-74.20416, 4.95142], [-74.20461, 4.9514], [-74.20468, 4.95138], [-74.20493, 4.95149], [-74.20535, 4.95161], [-74.20552, 4.95162], [-74.20566, 4.9517], [-74.20589, 4.95179], [-74.20625, 4.95177], [-74.20659, 4.95176], [-74.2067, 4.9517], [-74.20682, 4.95194], [-74.20694, 4.95218], [-74.20724, 4.95239], [-74.20739, 4.95268], [-74.20745, 4.95291], [-74.20793, 4.95308], [-74.20817, 4.95326], [-74.20831, 4.95352], [-74.20835, 4.95366], [-74.20857, 4.9542], [-74.20873, 4.9545], [-74.20905, 4.9547], [-74.20927, 4.95502], [-74.20961, 4.95539], [-74.20968, 4.95554], [-74.20986, 4.95587], [-74.20997, 4.95606], [-74.21033, 4.95649], [-74.21048, 4.95687], [-74.21092, 4.9564], [-74.2112, 4.95602], [-74.21149, 4.9556], [-74.21161, 4.95547], [-74.21195, 4.95526], [-74.21206, 4.95498], [-74.21206, 4.95482], [-74.21236, 4.95442], [-74.2125, 4.95431], [-74.21265, 4.95424], [-74.21314, 4.95449], [-74.21319, 4.95444], [-74.21332, 4.95429], [-74.21345, 4.95414], [-74.21398, 4.95353], [-74.21441, 4.9533], [-74.21489, 4.95326], [-74.21515, 4.95317], [-74.21583, 4.95298], [-74.21618, 4.95423], [-74.21689, 4.95509], [-74.21844, 4.95641], [-74.21944, 4.95702], [-74.21934, 4.95723], [-74.219, 4.95783], [-74.21898, 4.95791], [-74.2189, 4.95798], [-74.21872, 4.95808], [-74.21865, 4.95814], [-74.21848, 4.95832], [-74.21835, 4.95858], [-74.21829, 4.95885], [-74.21825, 4.95898], [-74.21819, 4.95927], [-74.21804, 4.95975], [-74.21779, 4.96023], [-74.21756, 4.96053], [-74.21742, 4.96073], [-74.21737, 4.9608], [-74.21739, 4.96083], [-74.21753, 4.9609], [-74.21774, 4.96096], [-74.21798, 4.961], [-74.21824, 4.96107], [-74.21849, 4.96113], [-74.21888, 4.96121], [-74.21926, 4.96125], [-74.2194, 4.96131], [-74.21961, 4.96136], [-74.21979, 4.96143], [-74.21998, 4.96149], [-74.22011, 4.96161], [-74.22023, 4.96172], [-74.22042, 4.96196], [-74.22067, 4.96252], [-74.22078, 4.96283], [-74.22086, 4.96304], [-74.22128, 4.96405], [-74.22162, 4.96453], [-74.22183, 4.96511], [-74.22256, 4.96669], [-74.22291, 4.96744], [-74.22347, 4.96871], [-74.22407, 4.97009], [-74.22441, 4.97079], [-74.22455, 4.97122], [-74.22467, 4.97148], [-74.22472, 4.97174], [-74.22489, 4.97215], [-74.22515, 4.97278], [-74.22526, 4.97307], [-74.22541, 4.97336], [-74.22549, 4.97357], [-74.22558, 4.9737], [-74.22559, 4.97381], [-74.22562, 4.97419], [-74.22564, 4.97455], [-74.22565, 4.97479], [-74.22565, 4.97482], [-74.22562, 4.97494], [-74.22561, 4.97511], [-74.22565, 4.97517], [-74.2258, 4.97528], [-74.22591, 4.97538], [-74.22603, 4.97552], [-74.22584, 4.97583], [-74.22573, 4.97597], [-74.22554, 4.97616], [-74.22529, 4.97639], [-74.22508, 4.97655], [-74.22496, 4.97662], [-74.22487, 4.97668], [-74.22474, 4.97687], [-74.22461, 4.9771], [-74.22456, 4.97718], [-74.22443, 4.97742], [-74.22428, 4.97774], [-74.22422, 4.97796], [-74.22413, 4.97818], [-74.22411, 4.9784], [-74.22399, 4.97858], [-74.22386, 4.97874], [-74.22367, 4.97886], [-74.22351, 4.97895], [-74.22322, 4.97904], [-74.22298, 4.97909], [-74.22296, 4.97909], [-74.22274, 4.97911], [-74.22256, 4.97917], [-74.22221, 4.97923], [-74.22192, 4.97936], [-74.22174, 4.97951], [-74.22155, 4.97972], [-74.2214, 4.97993], [-74.22114, 4.98026], [-74.221, 4.98043], [-74.22091, 4.98056], [-74.22077, 4.98073], [-74.22056, 4.98083], [-74.22038, 4.98084], [-74.22026, 4.98087], [-74.22001, 4.98102], [-74.21988, 4.98112], [-74.21976, 4.98131], [-74.21965, 4.98163], [-74.2196, 4.98177], [-74.2196, 4.98215], [-74.21966, 4.98246], [-74.21986, 4.98276], [-74.22006, 4.9831], [-74.22023, 4.98333], [-74.22037, 4.9835], [-74.22057, 4.98378], [-74.22065, 4.98403], [-74.22061, 4.98417], [-74.22056, 4.9843], [-74.22045, 4.98454], [-74.22033, 4.98472], [-74.22035, 4.98497], [-74.22037, 4.98517], [-74.22033, 4.98559], [-74.22031, 4.98582], [-74.22022, 4.98611], [-74.22017, 4.98644], [-74.22012, 4.98675], [-74.22012, 4.98676], [-74.22011, 4.98683], [-74.22007, 4.98721], [-74.22002, 4.98764], [-74.21997, 4.98789], [-74.21994, 4.98802], [-74.2199, 4.98838], [-74.21986, 4.98852], [-74.21984, 4.98857], [-74.21964, 4.98866], [-74.21955, 4.98868], [-74.21929, 4.98872], [-74.21905, 4.98875], [-74.21885, 4.98879], [-74.2186, 4.98885], [-74.21841, 4.98886], [-74.21836, 4.98887], [-74.21797, 4.98886], [-74.2178, 4.98886], [-74.21751, 4.98888], [-74.21716, 4.989], [-74.21707, 4.98903], [-74.21692, 4.98907], [-74.21672, 4.98914], [-74.21651, 4.98925], [-74.21633, 4.98939], [-74.21605, 4.98963], [-74.21587, 4.9898], [-74.21566, 4.99], [-74.21552, 4.99023], [-74.21542, 4.99045], [-74.21542, 4.99045], [-74.21534, 4.99057], [-74.21515, 4.9909], [-74.21508, 4.99112], [-74.21499, 4.9915], [-74.21489, 4.99173], [-74.21474, 4.99212], [-74.21463, 4.99239], [-74.21448, 4.99277], [-74.21432, 4.99319], [-74.21419, 4.99357], [-74.21414, 4.99382], [-74.21403, 4.99395], [-74.21389, 4.99431], [-74.21383, 4.99463], [-74.21376, 4.995], [-74.21376, 4.99504], [-74.21376, 4.99522], [-74.2138, 4.9954], [-74.21387, 4.99564], [-74.21391, 4.99578], [-74.21395, 4.99594], [-74.21406, 4.99614], [-74.21424, 4.99633], [-74.21429, 4.99638], [-74.21434, 4.99643], [-74.21439, 4.99649], [-74.21441, 4.99655], [-74.21432, 4.99654], [-74.2142, 4.99655], [-74.21395, 4.99661], [-74.21365, 4.99669], [-74.21345, 4.99675], [-74.2133, 4.99684], [-74.21314, 4.99688], [-74.21286, 4.9969], [-74.21277, 4.99689], [-74.21268, 4.99688], [-74.21246, 4.99684], [-74.21221, 4.99677], [-74.21195, 4.99673], [-74.21177, 4.99677], [-74.21163, 4.99682], [-74.21146, 4.99698], [-74.21135, 4.99714], [-74.21125, 4.9973], [-74.2112, 4.99749], [-74.21122, 4.99779], [-74.21122, 4.99797], [-74.21123, 4.99818], [-74.21119, 4.9985], [-74.21113, 4.99866], [-74.21102, 4.99876], [-74.21088, 4.99881], [-74.21053, 4.99887], [-74.2104, 4.99889], [-74.21023, 4.99891], [-74.21001, 4.99901], [-74.2098, 4.99913], [-74.20965, 4.99928], [-74.20944, 4.9995], [-74.2093, 4.99971], [-74.20928, 4.99974], [-74.20911, 5.00006], [-74.20909, 5.00011], [-74.20897, 5.0004], [-74.20892, 5.00066], [-74.20892, 5.00093], [-74.20895, 5.00119], [-74.20906, 5.00148], [-74.20922, 5.00182], [-74.20929, 5.00211], [-74.20932, 5.00245], [-74.20939, 5.00275], [-74.20951, 5.00298], [-74.20965, 5.00306], [-74.20977, 5.00312], [-74.20991, 5.0032], [-74.21004, 5.00335], [-74.21019, 5.0036], [-74.21028, 5.00378], [-74.21037, 5.00423], [-74.21037, 5.00474], [-74.21033, 5.00535], [-74.21025, 5.00582], [-74.21004, 5.00648], [-74.20977, 5.00717], [-74.20949, 5.00774], [-74.20931, 5.00813], [-74.209, 5.00866], [-74.20868, 5.00909], [-74.2083, 5.00958], [-74.20799, 5.00995], [-74.20775, 5.01032], [-74.20762, 5.01055], [-74.20751, 5.01062], [-74.20716, 5.01063], [-74.20687, 5.01063], [-74.2065, 5.01067], [-74.20621, 5.01075], [-74.20605, 5.01084], [-74.20589, 5.01097], [-74.20578, 5.01108], [-74.20572, 5.01123], [-74.20566, 5.01144], [-74.20557, 5.01161], [-74.20549, 5.01168], [-74.2053, 5.01176], [-74.20504, 5.01183], [-74.20499, 5.01184], [-74.20462, 5.01189], [-74.20425, 5.0119], [-74.20382, 5.01182], [-74.20349, 5.01175], [-74.2031, 5.01155], [-74.20269, 5.01141], [-74.20238, 5.0114], [-74.20208, 5.01143], [-74.20158, 5.01152], [-74.2012, 5.0116], [-74.20061, 5.01172], [-74.20025, 5.0118], [-74.19986, 5.01188], [-74.19955, 5.01186], [-74.19919, 5.01179], [-74.19905, 5.01174], [-74.19891, 5.01166], [-74.19877, 5.01156], [-74.19855, 5.01137], [-74.19836, 5.01124], [-74.19823, 5.01122], [-74.19809, 5.01125], [-74.19791, 5.01132], [-74.19779, 5.01138], [-74.19771, 5.01147], [-74.19763, 5.0116], [-74.19757, 5.01183], [-74.19753, 5.01208], [-74.19752, 5.01286], [-74.19742, 5.01357], [-74.1974, 5.014], [-74.19741, 5.0143], [-74.19737, 5.01443], [-74.19731, 5.0145], [-74.19725, 5.01454], [-74.19718, 5.01455], [-74.19707, 5.01452], [-74.1969, 5.01447], [-74.19651, 5.01433], [-74.19624, 5.0143], [-74.19598, 5.01431], [-74.19583, 5.01434], [-74.19566, 5.01438], [-74.19551, 5.0144], [-74.19542, 5.0144], [-74.19527, 5.01434], [-74.19505, 5.01418], [-74.19465, 5.01401], [-74.19415, 5.01398], [-74.19354, 5.01398], [-74.19296, 5.01413], [-74.19243, 5.01428], [-74.19202, 5.01441], [-74.19163, 5.01458], [-74.1913, 5.01473], [-74.19096, 5.01489], [-74.19059, 5.01501], [-74.19045, 5.01501], [-74.19027, 5.01502], [-74.18997, 5.01501], [-74.18954, 5.01529], [-74.18887, 5.01578], [-74.18829, 5.01628], [-74.18791, 5.01661], [-74.1877, 5.01696], [-74.18751, 5.01731], [-74.18724, 5.017], [-74.1862, 5.01564], [-74.18535, 5.01452], [-74.18503, 5.01411], [-74.18553, 5.01368], [-74.18516, 5.01339], [-74.18461, 5.01295], [-74.18475, 5.01216], [-74.18495, 5.01106], [-74.18499, 5.0108], [-74.18509, 5.01022], [-74.18515, 5.0099], [-74.18522, 5.00952], [-74.18525, 5.00921], [-74.18509, 5.00892], [-74.18483, 5.0087], [-74.18432, 5.00844], [-74.18493, 5.00831], [-74.18564, 5.00804], [-74.187, 5.00725], [-74.1871, 5.00706], [-74.18781, 5.00503], [-74.18864, 5.00256], [-74.18901, 5.00144], [-74.18912, 5.0011], [-74.18935, 5.00103], [-74.19073, 5.00092], [-74.19129, 5.00089], [-74.19126, 5.00066], [-74.19116, 5.0003], [-74.19124, 5.0002], [-74.19149, 4.99984], [-74.19156, 4.99948], [-74.19167, 4.9991], [-74.192, 4.99897], [-74.19254, 4.99842], [-74.1931, 4.99766], [-74.19305, 4.99742], [-74.19288, 4.99722], [-74.19259, 4.9972], [-74.19172, 4.99665], [-74.19093, 4.99603], [-74.19005, 4.99513], [-74.18984, 4.99492], [-74.19063, 4.99396], [-74.19032, 4.99385], [-74.18937, 4.99361], [-74.18887, 4.99349], [-74.18891, 4.99331], [-74.18878, 4.99325], [-74.18596, 4.99196], [-74.18419, 4.99113], [-74.18301, 4.99059], [-74.18245, 4.99045], [-74.18212, 4.99054], [-74.18184, 4.99077], [-74.18167, 4.99112], [-74.18148, 4.99149], [-74.18123, 4.99202], [-74.18087, 4.99253], [-74.18044, 4.99298], [-74.17974, 4.9933], [-74.17905, 4.99334], [-74.17823, 4.99334], [-74.17794, 4.99347], [-74.17752, 4.99393], [-74.17658, 4.99387], [-74.17523, 4.99309], [-74.17022, 4.9901], [-74.16743, 4.98844], [-74.16772, 4.98791], [-74.168, 4.98737], [-74.16738, 4.98699]]]}, "properties": {"nombre": "El Paramo", "name": "Vereda El Paramo", "color": "#5cc539", "type": "vereda"}}, {"type": "Feature", "geometry": {"type": "Polygon", "coordinates": [[[-74.15046, 5.01395], [-74.15032, 5.01384], [-74.14997, 5.01349], [-74.14986, 5.01312], [-74.14978, 5.01289], [-74.14962, 5.01274], [-74.1494, 5.01262], [-74.14908, 5.01254], [-74.14854, 5.01261], [-74.148, 5.01265], [-74.1478, 5.01258], [-74.14749, 5.01234], [-74.14742, 5.01212], [-74.14713, 5.01187], [-74.14674, 5.01151], [-74.14653, 5.01128], [-74.14638, 5.01117], [-74.14616, 5.01117], [-74.14606, 5.01117], [-74.14596, 5.01102], [-74.14592, 5.01074], [-74.14585, 5.01045], [-74.14564, 5.01012], [-74.14549, 5.00999], [-74.14537, 5.00987], [-74.14536, 5.00972], [-74.14556, 5.00934], [-74.14556, 5.00912], [-74.14537, 5.00892], [-74.14514, 5.00874], [-74.14515, 5.00858], [-74.14512, 5.00831], [-74.14499, 5.00816], [-74.14482, 5.00791], [-74.14449, 5.00778], [-74.14412, 5.00771], [-74.14397, 5.00758], [-74.14373, 5.00745], [-74.14339, 5.00713], [-74.14321, 5.00695], [-74.14284, 5.00662], [-74.14255, 5.00645], [-74.14197, 5.00615], [-74.14153, 5.0059], [-74.14099, 5.00571], [-74.14028, 5.00524], [-74.13929, 5.00483], [-74.13871, 5.00462], [-74.13774, 5.00415], [-74.13657, 5.00348], [-74.13602, 5.00314], [-74.13552, 5.00278], [-74.13531, 5.0026], [-74.13498, 5.00231], [-74.13457, 5.00194], [-74.13539, 5.00042], [-74.13449, 4.99957], [-74.13428, 4.99936], [-74.134, 4.99908], [-74.13369, 4.99878], [-74.13358, 4.99867], [-74.1333, 4.9985], [-74.133, 4.99863], [-74.13292, 4.99836], [-74.1329, 4.99813], [-74.13232, 4.99791], [-74.13207, 4.99785], [-74.13216, 4.99742], [-74.13215, 4.99704], [-74.13217, 4.99631], [-74.13245, 4.99565], [-74.13252, 4.99514], [-74.1324, 4.99457], [-74.13221, 4.99381], [-74.13235, 4.99336], [-74.13278, 4.99253], [-74.13295, 4.99245], [-74.13342, 4.99241], [-74.13378, 4.99227], [-74.13403, 4.99235], [-74.1343, 4.9925], [-74.13442, 4.9926], [-74.13412, 4.99287], [-74.13418, 4.99311], [-74.13428, 4.9933], [-74.13472, 4.9932], [-74.13521, 4.99264], [-74.13565, 4.99239], [-74.13594, 4.99229], [-74.13639, 4.99257], [-74.13664, 4.99261], [-74.13728, 4.99219], [-74.13777, 4.9917], [-74.1381, 4.99134], [-74.13832, 4.99068], [-74.13819, 4.99022], [-74.13806, 4.99018], [-74.13794, 4.9902], [-74.1378, 4.98999], [-74.13777, 4.9897], [-74.13818, 4.98867], [-74.13823, 4.98825], [-74.13821, 4.98773], [-74.13876, 4.98747], [-74.13861, 4.98662], [-74.13857, 4.98641], [-74.13871, 4.98624], [-74.13858, 4.98587], [-74.13858, 4.98566], [-74.13881, 4.98556], [-74.13917, 4.98548], [-74.13943, 4.9854], [-74.13956, 4.98488], [-74.13961, 4.98458], [-74.13968, 4.98378], [-74.13929, 4.98305], [-74.13907, 4.98283], [-74.13886, 4.98263], [-74.13872, 4.98219], [-74.13864, 4.98188], [-74.13862, 4.98156], [-74.13865, 4.98133], [-74.13865, 4.98119], [-74.13894, 4.98133], [-74.13905, 4.98139], [-74.13963, 4.98156], [-74.14006, 4.98144], [-74.14033, 4.9808], [-74.14045, 4.98066], [-74.14047, 4.98067], [-74.14114, 4.98088], [-74.14183, 4.98129], [-74.14202, 4.98143], [-74.14215, 4.9816], [-74.14231, 4.98181], [-74.14256, 4.98206], [-74.14288, 4.98224], [-74.14302, 4.98227], [-74.1434, 4.98228], [-74.14378, 4.98229], [-74.1441, 4.98233], [-74.14427, 4.98239], [-74.14442, 4.98241], [-74.14474, 4.98239], [-74.14526, 4.98227], [-74.14562, 4.98221], [-74.14587, 4.98218], [-74.14611, 4.98224], [-74.14624, 4.98229], [-74.14632, 4.98238], [-74.14647, 4.98254], [-74.14658, 4.98262], [-74.14678, 4.98268], [-74.14693, 4.98263], [-74.1472, 4.98256], [-74.1474, 4.9826], [-74.14759, 4.98267], [-74.14791, 4.98284], [-74.14807, 4.98295], [-74.14842, 4.98316], [-74.14858, 4.98323], [-74.14896, 4.98328], [-74.14926, 4.98335], [-74.14972, 4.98331], [-74.14994, 4.9833], [-74.15001, 4.98336], [-74.15009, 4.98349], [-74.1502, 4.98362], [-74.15044, 4.98372], [-74.15058, 4.98379], [-74.15089, 4.98375], [-74.15102, 4.98366], [-74.1511, 4.98367], [-74.15123, 4.98378], [-74.15141, 4.98383], [-74.15158, 4.98383], [-74.15183, 4.9838], [-74.15196, 4.98385], [-74.15206, 4.98396], [-74.15218, 4.98413], [-74.1524, 4.98448], [-74.15263, 4.9849], [-74.15289, 4.98531], [-74.15308, 4.98552], [-74.15333, 4.98571], [-74.15363, 4.98583], [-74.15402, 4.98594], [-74.1543, 4.98599], [-74.15478, 4.98607], [-74.15503, 4.9862], [-74.1551, 4.98644], [-74.15516, 4.98658], [-74.15529, 4.98678], [-74.15564, 4.9868], [-74.15612, 4.9869], [-74.15665, 4.98704], [-74.15684, 4.98717], [-74.15711, 4.98776], [-74.15731, 4.9882], [-74.15754, 4.98859], [-74.15777, 4.98899], [-74.15792, 4.9894], [-74.15815, 4.98982], [-74.15846, 4.99008], [-74.1587, 4.99031], [-74.15886, 4.99042], [-74.15913, 4.9906], [-74.15913, 4.99104], [-74.15914, 4.99147], [-74.15905, 4.99167], [-74.15862, 4.99154], [-74.15845, 4.99148], [-74.15841, 4.9917], [-74.15839, 4.99182], [-74.15868, 4.99221], [-74.159, 4.99267], [-74.1593, 4.99286], [-74.15956, 4.9929], [-74.15993, 4.9929], [-74.16, 4.99311], [-74.16, 4.99324], [-74.15975, 4.99346], [-74.1595, 4.9938], [-74.15958, 4.99419], [-74.1594, 4.9945], [-74.15894, 4.99469], [-74.15805, 4.99439], [-74.15725, 4.99374], [-74.15675, 4.99382], [-74.15656, 4.99331], [-74.15611, 4.99276], [-74.15593, 4.99257], [-74.15568, 4.99298], [-74.15551, 4.99327], [-74.15525, 4.99382], [-74.15526, 4.99408], [-74.15552, 4.9943], [-74.15607, 4.99472], [-74.1564, 4.99498], [-74.15668, 4.99533], [-74.15679, 4.99558], [-74.15683, 4.99606], [-74.1571, 4.9961], [-74.15762, 4.99604], [-74.15799, 4.99603], [-74.1581, 4.99618], [-74.15828, 4.9965], [-74.15838, 4.99676], [-74.15849, 4.99708], [-74.15861, 4.99791], [-74.15865, 4.99856], [-74.1587, 4.99931], [-74.15876, 4.99965], [-74.15886, 5.0001], [-74.15888, 5.00037], [-74.15899, 5.00104], [-74.15933, 5.00245], [-74.15984, 5.00323], [-74.16032, 5.00402], [-74.16071, 5.0047], [-74.16112, 5.00543], [-74.16129, 5.00579], [-74.16159, 5.00645], [-74.16177, 5.00694], [-74.16201, 5.00764], [-74.16218, 5.00808], [-74.1631, 5.00949], [-74.15988, 5.01087], [-74.15812, 5.01059], [-74.15504, 5.01009], [-74.15434, 5.00997], [-74.15423, 5.01048], [-74.15412, 5.01099], [-74.15386, 5.01129], [-74.15386, 5.01144], [-74.15386, 5.01203], [-74.15378, 5.01235], [-74.15372, 5.01258], [-74.15364, 5.01265], [-74.15345, 5.01281], [-74.15322, 5.01302], [-74.15313, 5.01309], [-74.15295, 5.01335], [-74.15284, 5.01349], [-74.15268, 5.01372], [-74.15259, 5.01396], [-74.1525, 5.01397], [-74.15209, 5.01402], [-74.1516, 5.01406], [-74.15134, 5.01407], [-74.15103, 5.01409], [-74.15093, 5.01407], [-74.15046, 5.01395]]]}, "properties": {"nombre": "El Tobal", "name": "Vereda El Tobal", "color": "#3f39c5", "type": "vereda"}}, {"type": "Feature", "geometry": {"type": "Polygon", "coordinates": [[[-74.19749, 4.95399], [-74.19682, 4.95355], [-74.19625, 4.95319], [-74.19607, 4.95302], [-74.19585, 4.95277], [-74.19569, 4.95266], [-74.19539, 4.95248], [-74.19505, 4.95242], [-74.19454, 4.95245], [-74.19445, 4.95245], [-74.19409, 4.95249], [-74.19359, 4.95246], [-74.19332, 4.95248], [-74.19298, 4.95249], [-74.19264, 4.95244], [-74.19235, 4.95233], [-74.19164, 4.95008], [-74.19158, 4.94909], [-74.19165, 4.94843], [-74.19115, 4.9483], [-74.19077, 4.94823], [-74.1904, 4.94815], [-74.19003, 4.94799], [-74.18985, 4.94793], [-74.18988, 4.94783], [-74.18998, 4.94761], [-74.19013, 4.94742], [-74.19022, 4.94738], [-74.19037, 4.94769], [-74.19068, 4.94783], [-74.19117, 4.94793], [-74.19166, 4.94804], [-74.19214, 4.94809], [-74.19252, 4.94807], [-74.19272, 4.94804], [-74.19267, 4.94773], [-74.19254, 4.94718], [-74.19302, 4.94687], [-74.19362, 4.94749], [-74.19373, 4.94753], [-74.19396, 4.94754], [-74.19414, 4.94742], [-74.19416, 4.94727], [-74.19422, 4.94713], [-74.19437, 4.94703], [-74.19438, 4.94696], [-74.19433, 4.9468], [-74.19435, 4.94667], [-74.19446, 4.9466], [-74.19454, 4.94656], [-74.19459, 4.94665], [-74.19458, 4.9467], [-74.1946, 4.94675], [-74.19465, 4.94673], [-74.19475, 4.94669], [-74.19483, 4.94662], [-74.19492, 4.94666], [-74.19498, 4.94676], [-74.19515, 4.94682], [-74.1952, 4.94684], [-74.19525, 4.94675], [-74.19522, 4.94669], [-74.19517, 4.94655], [-74.19523, 4.9465], [-74.19534, 4.94648], [-74.1955, 4.94649], [-74.19561, 4.9465], [-74.19579, 4.9466], [-74.19585, 4.94657], [-74.19592, 4.94648], [-74.19592, 4.94641], [-74.19612, 4.94624], [-74.19617, 4.94605], [-74.1963, 4.94593], [-74.19631, 4.94585], [-74.19633, 4.94561], [-74.19634, 4.94548], [-74.19646, 4.94536], [-74.19661, 4.94534], [-74.1966, 4.9452], [-74.19651, 4.94518], [-74.19636, 4.94518], [-74.1962, 4.94523], [-74.19598, 4.9453], [-74.19583, 4.94533], [-74.19565, 4.94535], [-74.19558, 4.94536], [-74.19555, 4.94526], [-74.19557, 4.94519], [-74.19571, 4.94509], [-74.19575, 4.94502], [-74.19576, 4.94492], [-74.19572, 4.94476], [-74.1956, 4.94462], [-74.19551, 4.94454], [-74.1955, 4.94449], [-74.19549, 4.94438], [-74.19564, 4.94429], [-74.19579, 4.94422], [-74.19605, 4.94395], [-74.19613, 4.94383], [-74.19635, 4.94362], [-74.19668, 4.94335], [-74.19706, 4.94294], [-74.19731, 4.9427], [-74.19739, 4.94263], [-74.19741, 4.94244], [-74.19776, 4.94227], [-74.19796, 4.94225], [-74.19825, 4.94192], [-74.19836, 4.94169], [-74.1984, 4.94155], [-74.19834, 4.94137], [-74.19813, 4.94112], [-74.19791, 4.94086], [-74.19781, 4.94068], [-74.19775, 4.94055], [-74.19789, 4.94018], [-74.19811, 4.93993], [-74.19842, 4.93959], [-74.19883, 4.93934], [-74.19905, 4.9392], [-74.19932, 4.93893], [-74.19957, 4.93868], [-74.19998, 4.93839], [-74.2003, 4.93817], [-74.20048, 4.93803], [-74.20087, 4.93768], [-74.20133, 4.93724], [-74.20177, 4.93686], [-74.20218, 4.93645], [-74.2023, 4.9363], [-74.20233, 4.93597], [-74.20236, 4.93596], [-74.20257, 4.93591], [-74.20278, 4.93592], [-74.20292, 4.9359], [-74.20314, 4.93588], [-74.20347, 4.93586], [-74.2039, 4.93579], [-74.20422, 4.93571], [-74.20435, 4.93566], [-74.20461, 4.93549], [-74.20479, 4.93541], [-74.20497, 4.9354], [-74.20515, 4.93545], [-74.20526, 4.9356], [-74.20532, 4.93567], [-74.20573, 4.93568], [-74.20605, 4.93577], [-74.20626, 4.93592], [-74.20644, 4.93598], [-74.20693, 4.93599], [-74.20726, 4.93595], [-74.20735, 4.93595], [-74.20752, 4.93568], [-74.20766, 4.93513], [-74.20778, 4.93468], [-74.20799, 4.9349], [-74.20814, 4.93506], [-74.20825, 4.93508], [-74.20846, 4.93517], [-74.20852, 4.93522], [-74.2086, 4.93524], [-74.20881, 4.93514], [-74.20911, 4.93509], [-74.20934, 4.93507], [-74.20958, 4.93526], [-74.20995, 4.93518], [-74.21081, 4.93574], [-74.21135, 4.9359], [-74.21177, 4.93609], [-74.21248, 4.93641], [-74.21289, 4.93667], [-74.21357, 4.93668], [-74.21382, 4.93667], [-74.21408, 4.93666], [-74.21438, 4.93655], [-74.21508, 4.93643], [-74.21592, 4.93629], [-74.21651, 4.93629], [-74.21702, 4.93636], [-74.21725, 4.93647], [-74.21764, 4.93669], [-74.21803, 4.93681], [-74.21845, 4.93677], [-74.21911, 4.9366], [-74.21932, 4.93655], [-74.21991, 4.93657], [-74.22045, 4.93658], [-74.22092, 4.9366], [-74.22223, 4.93711], [-74.22357, 4.93762], [-74.22369, 4.93785], [-74.22377, 4.93798], [-74.22386, 4.9381], [-74.22403, 4.93832], [-74.22414, 4.93842], [-74.22422, 4.9385], [-74.22425, 4.93857], [-74.22425, 4.93863], [-74.22424, 4.93876], [-74.22422, 4.93894], [-74.22422, 4.93902], [-74.22423, 4.93908], [-74.22423, 4.9391], [-74.22428, 4.93921], [-74.22434, 4.93927], [-74.22452, 4.93937], [-74.22458, 4.93939], [-74.22474, 4.93946], [-74.22486, 4.93953], [-74.22504, 4.93963], [-74.22515, 4.93971], [-74.22521, 4.93978], [-74.22526, 4.93985], [-74.22528, 4.93992], [-74.2253, 4.93997], [-74.22531, 4.94005], [-74.22533, 4.94016], [-74.22537, 4.94027], [-74.22541, 4.94033], [-74.22543, 4.94036], [-74.22547, 4.94041], [-74.22557, 4.94047], [-74.22564, 4.94051], [-74.22576, 4.9406], [-74.22597, 4.94063], [-74.22616, 4.94063], [-74.22635, 4.94053], [-74.22657, 4.94042], [-74.22673, 4.9403], [-74.22688, 4.94017], [-74.22703, 4.94003], [-74.22722, 4.93998], [-74.22738, 4.93998], [-74.22781, 4.94001], [-74.22811, 4.94001], [-74.22848, 4.94003], [-74.22869, 4.94009], [-74.22878, 4.94016], [-74.22886, 4.94022], [-74.22893, 4.94031], [-74.22901, 4.94042], [-74.22909, 4.94054], [-74.22914, 4.94061], [-74.22921, 4.94067], [-74.22928, 4.9407], [-74.22939, 4.9407], [-74.22955, 4.94071], [-74.22969, 4.94077], [-74.22986, 4.94087], [-74.22996, 4.94091], [-74.23009, 4.94094], [-74.23017, 4.94097], [-74.23026, 4.94098], [-74.23043, 4.94102], [-74.2305, 4.94108], [-74.23075, 4.94122], [-74.23089, 4.94135], [-74.23097, 4.94156], [-74.23105, 4.94178], [-74.23117, 4.94199], [-74.23129, 4.94218], [-74.23143, 4.94231], [-74.23158, 4.94242], [-74.23168, 4.94258], [-74.23171, 4.94268], [-74.23163, 4.94274], [-74.23154, 4.94282], [-74.23145, 4.94291], [-74.23137, 4.94301], [-74.23128, 4.94308], [-74.2312, 4.94315], [-74.23102, 4.94322], [-74.23081, 4.94329], [-74.2306, 4.94336], [-74.23042, 4.94343], [-74.23028, 4.94352], [-74.23021, 4.94361], [-74.23016, 4.94368], [-74.23013, 4.94377], [-74.23013, 4.94377], [-74.23013, 4.94384], [-74.23017, 4.94396], [-74.23021, 4.94405], [-74.23029, 4.94414], [-74.23038, 4.94419], [-74.23046, 4.94422], [-74.23055, 4.94427], [-74.23061, 4.9443], [-74.23073, 4.94438], [-74.23075, 4.94439], [-74.23087, 4.94451], [-74.23079, 4.9446], [-74.23015, 4.94516], [-74.22987, 4.94539], [-74.22969, 4.94549], [-74.22956, 4.94557], [-74.22877, 4.94598], [-74.22821, 4.94624], [-74.22795, 4.94637], [-74.22778, 4.94646], [-74.22726, 4.94661], [-74.22697, 4.94659], [-74.22675, 4.9465], [-74.22654, 4.94649], [-74.22646, 4.94649], [-74.22642, 4.94668], [-74.22642, 4.94687], [-74.2265, 4.94702], [-74.22655, 4.94797], [-74.22653, 4.94805], [-74.22644, 4.94818], [-74.22626, 4.94832], [-74.22607, 4.94858], [-74.22586, 4.94908], [-74.22571, 4.94945], [-74.22565, 4.94968], [-74.2256, 4.94989], [-74.22555, 4.95006], [-74.22552, 4.95036], [-74.22545, 4.95051], [-74.22533, 4.95063], [-74.22512, 4.95088], [-74.22503, 4.95106], [-74.22499, 4.95121], [-74.22492, 4.9513], [-74.2249, 4.95134], [-74.22454, 4.95222], [-74.22442, 4.95268], [-74.22432, 4.95268], [-74.22422, 4.95267], [-74.22417, 4.95261], [-74.22404, 4.95254], [-74.2239, 4.95246], [-74.22316, 4.95224], [-74.22317, 4.95235], [-74.2232, 4.95264], [-74.22332, 4.95321], [-74.22342, 4.95344], [-74.22354, 4.95358], [-74.22356, 4.95365], [-74.22346, 4.95381], [-74.22322, 4.95412], [-74.22303, 4.95431], [-74.22292, 4.95432], [-74.22285, 4.95432], [-74.22271, 4.95424], [-74.22251, 4.95409], [-74.22209, 4.95361], [-74.22194, 4.95355], [-74.22181, 4.95349], [-74.22167, 4.95356], [-74.22155, 4.95373], [-74.22135, 4.95394], [-74.22117, 4.95403], [-74.22104, 4.95416], [-74.22103, 4.95417], [-74.22088, 4.95426], [-74.22082, 4.95432], [-74.22066, 4.95446], [-74.22033, 4.9549], [-74.22017, 4.95527], [-74.22, 4.95578], [-74.21983, 4.95624], [-74.21944, 4.95702], [-74.21844, 4.95641], [-74.21689, 4.95509], [-74.21618, 4.95423], [-74.21583, 4.95298], [-74.21515, 4.95317], [-74.21489, 4.95326], [-74.21441, 4.9533], [-74.21398, 4.95353], [-74.21345, 4.95414], [-74.21332, 4.95429], [-74.21319, 4.95444], [-74.21314, 4.95449], [-74.21265, 4.95424], [-74.2125, 4.95431], [-74.21236, 4.95442], [-74.21206, 4.95482], [-74.21206, 4.95498], [-74.21195, 4.95526], [-74.21161, 4.95547], [-74.21149, 4.9556], [-74.2112, 4.95602], [-74.21092, 4.9564], [-74.21048, 4.95687], [-74.21033, 4.95649], [-74.20997, 4.95606], [-74.20986, 4.95587], [-74.20968, 4.95554], [-74.20961, 4.95539], [-74.20927, 4.95502], [-74.20905, 4.9547], [-74.20873, 4.9545], [-74.20857, 4.9542], [-74.20835, 4.95366], [-74.20831, 4.95352], [-74.20817, 4.95326], [-74.20793, 4.95308], [-74.20745, 4.95291], [-74.20739, 4.95268], [-74.20724, 4.95239], [-74.20694, 4.95218], [-74.20682, 4.95194], [-74.2067, 4.9517], [-74.20659, 4.95176], [-74.20625, 4.95177], [-74.20589, 4.95179], [-74.20566, 4.9517], [-74.20552, 4.95162], [-74.20535, 4.95161], [-74.20493, 4.95149], [-74.20468, 4.95138], [-74.20461, 4.9514], [-74.20416, 4.95142], [-74.20347, 4.95088], [-74.20293, 4.95077], [-74.20225, 4.9507], [-74.20187, 4.95054], [-74.20127, 4.95032], [-74.20063, 4.9501], [-74.20028, 4.94989], [-74.19988, 4.94963], [-74.19965, 4.94958], [-74.19944, 4.94966], [-74.19906, 4.94979], [-74.19848, 4.94967], [-74.19832, 4.94963], [-74.19807, 4.94953], [-74.19783, 4.94949], [-74.19801, 4.94987], [-74.19808, 4.94999], [-74.19823, 4.9501], [-74.19823, 4.95033], [-74.19835, 4.95038], [-74.19846, 4.95044], [-74.19889, 4.95047], [-74.19902, 4.95052], [-74.19922, 4.9506], [-74.19932, 4.95071], [-74.19937, 4.95096], [-74.19937, 4.95125], [-74.19931, 4.95141], [-74.19948, 4.95163], [-74.19969, 4.95182], [-74.19971, 4.95198], [-74.19969, 4.95247], [-74.19954, 4.95298], [-74.19936, 4.95333], [-74.19926, 4.95354], [-74.19901, 4.9537], [-74.19888, 4.95376], [-74.19858, 4.95383], [-74.19822, 4.95392], [-74.19801, 4.95395], [-74.19749, 4.95399]]]}, "properties": {"nombre": "El Valle", "name": "Vereda El Valle", "color": "#c56839", "type": "vereda"}}, {"type": "Feature", "geometry": {"type": "Polygon", "coordinates": [[[-74.15076, 4.92882], [-74.14977, 4.92878], [-74.14916, 4.92812], [-74.14868, 4.92728], [-74.14807, 4.9263], [-74.14714, 4.92504], [-74.14676, 4.92454], [-74.14665, 4.92442], [-74.14651, 4.92427], [-74.14627, 4.92407], [-74.14612, 4.92404], [-74.146, 4.92409], [-74.146, 4.92413], [-74.14538, 4.92412], [-74.14518, 4.924], [-74.14506, 4.92349], [-74.14486, 4.92288], [-74.14461, 4.92242], [-74.14437, 4.92196], [-74.14423, 4.92121], [-74.14419, 4.9206], [-74.144, 4.92001], [-74.14375, 4.91995], [-74.14322, 4.92001], [-74.14291, 4.92005], [-74.14272, 4.92011], [-74.14122, 4.92045], [-74.14051, 4.9206], [-74.13979, 4.92004], [-74.13943, 4.92007], [-74.13906, 4.92011], [-74.13865, 4.92024], [-74.13811, 4.92016], [-74.13731, 4.92003], [-74.13686, 4.91985], [-74.13647, 4.91953], [-74.13608, 4.91922], [-74.13523, 4.91872], [-74.13369, 4.91666], [-74.13303, 4.9158], [-74.13208, 4.91608], [-74.13008, 4.91471], [-74.13034, 4.91473], [-74.13066, 4.91479], [-74.13104, 4.91487], [-74.1315, 4.91492], [-74.13158, 4.91466], [-74.13161, 4.91457], [-74.13171, 4.91441], [-74.13179, 4.91423], [-74.13183, 4.91408], [-74.13185, 4.91405], [-74.13194, 4.91385], [-74.13201, 4.91373], [-74.13204, 4.91359], [-74.13202, 4.91336], [-74.1319, 4.91317], [-74.13171, 4.913], [-74.13138, 4.91292], [-74.1312, 4.91284], [-74.13091, 4.91271], [-74.13066, 4.91258], [-74.13039, 4.91244], [-74.13015, 4.91229], [-74.13007, 4.91214], [-74.13005, 4.91192], [-74.13003, 4.91167], [-74.12999, 4.91131], [-74.12989, 4.91081], [-74.12983, 4.91049], [-74.12969, 4.91011], [-74.12955, 4.90972], [-74.12945, 4.90938], [-74.12935, 4.90906], [-74.12926, 4.90858], [-74.12919, 4.90803], [-74.12913, 4.90764], [-74.12908, 4.90728], [-74.12905, 4.90697], [-74.12904, 4.90667], [-74.129, 4.90631], [-74.12896, 4.90605], [-74.12896, 4.90582], [-74.12898, 4.90559], [-74.12902, 4.90519], [-74.12904, 4.90486], [-74.12905, 4.90464], [-74.12941, 4.90463], [-74.12982, 4.90463], [-74.13001, 4.90463], [-74.13019, 4.90462], [-74.13042, 4.90458], [-74.13073, 4.90452], [-74.1309, 4.90448], [-74.13109, 4.90444], [-74.13138, 4.90439], [-74.13171, 4.9043], [-74.13199, 4.90423], [-74.13226, 4.90416], [-74.13248, 4.90409], [-74.13273, 4.90404], [-74.1329, 4.90398], [-74.13294, 4.90392], [-74.13297, 4.90385], [-74.13298, 4.90375], [-74.13299, 4.90365], [-74.13299, 4.90356], [-74.13299, 4.90341], [-74.13299, 4.90328], [-74.13299, 4.90327], [-74.13298, 4.90316], [-74.13295, 4.90297], [-74.13288, 4.9028], [-74.13274, 4.90261], [-74.13252, 4.90237], [-74.13232, 4.90215], [-74.13221, 4.90204], [-74.13215, 4.90198], [-74.1321, 4.90189], [-74.13208, 4.90175], [-74.13208, 4.90157], [-74.13208, 4.90142], [-74.13208, 4.90122], [-74.13214, 4.90101], [-74.13222, 4.90069], [-74.13229, 4.90047], [-74.13239, 4.90036], [-74.13262, 4.90028], [-74.13286, 4.90026], [-74.13312, 4.90025], [-74.13338, 4.90023], [-74.13367, 4.90021], [-74.13392, 4.90018], [-74.13415, 4.90014], [-74.13459, 4.90021], [-74.13489, 4.90021], [-74.13516, 4.90027], [-74.13539, 4.90035], [-74.13556, 4.90041], [-74.13577, 4.90046], [-74.13595, 4.90046], [-74.13608, 4.90041], [-74.13624, 4.90031], [-74.13638, 4.90021], [-74.13652, 4.90005], [-74.13676, 4.8998], [-74.137, 4.89951], [-74.13721, 4.89931], [-74.13741, 4.89909], [-74.13756, 4.8989], [-74.13777, 4.89859], [-74.13783, 4.89839], [-74.13792, 4.8982], [-74.13802, 4.89797], [-74.13811, 4.89777], [-74.13817, 4.8976], [-74.13821, 4.89738], [-74.13829, 4.89707], [-74.13838, 4.89679], [-74.13843, 4.89651], [-74.13844, 4.8964], [-74.13849, 4.8962], [-74.13855, 4.89603], [-74.13863, 4.89588], [-74.13873, 4.89571], [-74.13882, 4.8956], [-74.13902, 4.89548], [-74.13942, 4.89526], [-74.14009, 4.89498], [-74.14056, 4.89484], [-74.14072, 4.89476], [-74.14087, 4.89468], [-74.14132, 4.89445], [-74.14169, 4.8942], [-74.14191, 4.89396], [-74.14214, 4.89379], [-74.14235, 4.89352], [-74.14261, 4.89314], [-74.14283, 4.8928], [-74.14306, 4.89259], [-74.14328, 4.89242], [-74.1435, 4.89228], [-74.14371, 4.89219], [-74.14393, 4.89212], [-74.14418, 4.89207], [-74.14445, 4.892], [-74.14464, 4.89191], [-74.14485, 4.89178], [-74.14501, 4.89164], [-74.14518, 4.89146], [-74.14533, 4.89126], [-74.14542, 4.89109], [-74.14553, 4.89093], [-74.14563, 4.89081], [-74.14574, 4.89073], [-74.14589, 4.89062], [-74.14603, 4.89057], [-74.14624, 4.89053], [-74.14652, 4.89048], [-74.14696, 4.8904], [-74.14718, 4.89037], [-74.14738, 4.89033], [-74.14763, 4.89026], [-74.14793, 4.89015], [-74.14812, 4.89009], [-74.14833, 4.89007], [-74.14853, 4.89007], [-74.14874, 4.89006], [-74.14893, 4.89006], [-74.14919, 4.89006], [-74.14943, 4.8901], [-74.14974, 4.89021], [-74.14998, 4.89033], [-74.15031, 4.89051], [-74.15042, 4.89057], [-74.15049, 4.8906], [-74.15058, 4.8906], [-74.15069, 4.89054], [-74.15085, 4.89025], [-74.15099, 4.88989], [-74.15118, 4.88957], [-74.15134, 4.88941], [-74.15157, 4.88919], [-74.15203, 4.88893], [-74.15208, 4.8889], [-74.15252, 4.88877], [-74.1529, 4.88871], [-74.15328, 4.88866], [-74.15368, 4.88858], [-74.15403, 4.88855], [-74.15437, 4.88842], [-74.15456, 4.88835], [-74.15505, 4.88818], [-74.15537, 4.88804], [-74.15554, 4.88787], [-74.1557, 4.88772], [-74.1558, 4.88753], [-74.15615, 4.88808], [-74.15732, 4.88931], [-74.15795, 4.89002], [-74.15863, 4.89078], [-74.1592, 4.89143], [-74.15967, 4.89196], [-74.15966, 4.89271], [-74.15964, 4.89365], [-74.15962, 4.89435], [-74.15961, 4.89494], [-74.15969, 4.89521], [-74.15983, 4.89541], [-74.16009, 4.89569], [-74.16045, 4.89599], [-74.1607, 4.89617], [-74.16106, 4.8964], [-74.1613, 4.89661], [-74.16152, 4.89697], [-74.16159, 4.89721], [-74.16163, 4.89779], [-74.16167, 4.89866], [-74.16185, 4.89899], [-74.16217, 4.89972], [-74.16243, 4.90018], [-74.16246, 4.90056], [-74.16242, 4.90083], [-74.16234, 4.90147], [-74.16282, 4.90225], [-74.16295, 4.90244], [-74.163, 4.90273], [-74.1628, 4.90322], [-74.16239, 4.90365], [-74.16282, 4.90405], [-74.16284, 4.90438], [-74.1628, 4.90494], [-74.16343, 4.9055], [-74.16417, 4.90605], [-74.16449, 4.90634], [-74.16499, 4.90696], [-74.16578, 4.90772], [-74.16657, 4.90829], [-74.16754, 4.90899], [-74.16915, 4.91035], [-74.1714, 4.90973], [-74.17216, 4.90957], [-74.17312, 4.91079], [-74.17376, 4.91136], [-74.17481, 4.91229], [-74.17534, 4.91283], [-74.17532, 4.91286], [-74.17506, 4.91345], [-74.17504, 4.91375], [-74.1749, 4.91413], [-74.17481, 4.91424], [-74.17465, 4.91444], [-74.17444, 4.91467], [-74.17435, 4.91457], [-74.17439, 4.91441], [-74.17436, 4.91425], [-74.17427, 4.9142], [-74.17409, 4.91422], [-74.17387, 4.91435], [-74.17374, 4.91454], [-74.17368, 4.91477], [-74.17365, 4.91525], [-74.17359, 4.9155], [-74.17344, 4.91588], [-74.17328, 4.91606], [-74.17315, 4.91624], [-74.17318, 4.91647], [-74.17327, 4.91655], [-74.17334, 4.91646], [-74.17334, 4.91643], [-74.17347, 4.91647], [-74.17356, 4.91662], [-74.17347, 4.91671], [-74.17351, 4.91686], [-74.17354, 4.91699], [-74.17329, 4.91713], [-74.17318, 4.91725], [-74.17313, 4.91746], [-74.17312, 4.91759], [-74.17281, 4.91807], [-74.17263, 4.91823], [-74.1724, 4.9185], [-74.17222, 4.91867], [-74.17212, 4.9188], [-74.17188, 4.9192], [-74.17182, 4.91942], [-74.1718, 4.91961], [-74.17175, 4.9196], [-74.17158, 4.91971], [-74.17145, 4.92001], [-74.1715, 4.9201], [-74.17152, 4.92039], [-74.17148, 4.92059], [-74.17161, 4.92071], [-74.1718, 4.92091], [-74.17187, 4.92107], [-74.17202, 4.92129], [-74.17233, 4.92136], [-74.17252, 4.92141], [-74.17281, 4.92139], [-74.17308, 4.9217], [-74.17318, 4.92182], [-74.17345, 4.92223], [-74.17351, 4.92237], [-74.17341, 4.92251], [-74.17336, 4.92253], [-74.17332, 4.92257], [-74.17343, 4.92266], [-74.17343, 4.92276], [-74.17337, 4.9228], [-74.17323, 4.9228], [-74.17313, 4.92285], [-74.17299, 4.92304], [-74.17274, 4.92337], [-74.17249, 4.92348], [-74.17213, 4.92363], [-74.17202, 4.92368], [-74.17199, 4.92369], [-74.17196, 4.92369], [-74.17193, 4.92375], [-74.17192, 4.92377], [-74.1719, 4.9238], [-74.17188, 4.92383], [-74.17185, 4.92386], [-74.17184, 4.92388], [-74.17182, 4.9239], [-74.17181, 4.92392], [-74.1718, 4.92393], [-74.17179, 4.92395], [-74.17178, 4.92396], [-74.17177, 4.92399], [-74.17175, 4.924], [-74.17174, 4.92402], [-74.17171, 4.92406], [-74.1717, 4.92407], [-74.17169, 4.9241], [-74.17168, 4.92413], [-74.17165, 4.92418], [-74.17164, 4.9242], [-74.17164, 4.92421], [-74.17162, 4.92424], [-74.17162, 4.92425], [-74.17161, 4.92426], [-74.17161, 4.92427], [-74.1716, 4.92429], [-74.17159, 4.92431], [-74.17158, 4.92433], [-74.17156, 4.92441], [-74.17158, 4.92447], [-74.1716, 4.92455], [-74.17162, 4.92461], [-74.17163, 4.92464], [-74.17164, 4.92466], [-74.17165, 4.92469], [-74.17166, 4.92471], [-74.17163, 4.92475], [-74.17158, 4.9248], [-74.17115, 4.92522], [-74.17108, 4.92528], [-74.17106, 4.9253], [-74.17117, 4.92549], [-74.17121, 4.92556], [-74.17121, 4.92556], [-74.17124, 4.9256], [-74.17122, 4.92563], [-74.17041, 4.92644], [-74.17039, 4.92645], [-74.17037, 4.92647], [-74.16986, 4.92694], [-74.16807, 4.92858], [-74.16798, 4.92864], [-74.16785, 4.92863], [-74.16772, 4.92863], [-74.16748, 4.92865], [-74.16727, 4.92871], [-74.16703, 4.92878], [-74.16697, 4.92878], [-74.16695, 4.92878], [-74.16687, 4.92877], [-74.16684, 4.92879], [-74.16615, 4.92819], [-74.16584, 4.92827], [-74.16567, 4.92829], [-74.16541, 4.92844], [-74.16518, 4.92856], [-74.1647, 4.92872], [-74.16449, 4.92877], [-74.16385, 4.92883], [-74.16305, 4.92879], [-74.16254, 4.92873], [-74.16119, 4.92863], [-74.16015, 4.9286], [-74.15893, 4.9286], [-74.15808, 4.92868], [-74.15696, 4.92883], [-74.15557, 4.92883], [-74.15446, 4.92884], [-74.15348, 4.92881], [-74.15272, 4.92884], [-74.15076, 4.92882]], [[-74.15502, 4.91661], [-74.15456, 4.91546], [-74.15421, 4.91557], [-74.15416, 4.91557], [-74.15413, 4.91533], [-74.15406, 4.91515], [-74.15387, 4.91468], [-74.15411, 4.91419], [-74.15429, 4.91391], [-74.15432, 4.91392], [-74.15493, 4.91407], [-74.15512, 4.91356], [-74.1552, 4.91281], [-74.15462, 4.91282], [-74.15466, 4.91335], [-74.15461, 4.91332], [-74.1546, 4.91314], [-74.15457, 4.91315], [-74.15442, 4.9132], [-74.15419, 4.91336], [-74.15313, 4.91458], [-74.15363, 4.9151], [-74.15362, 4.91511], [-74.15361, 4.91512], [-74.15332, 4.91558], [-74.15389, 4.91755], [-74.15392, 4.91757], [-74.15465, 4.91699], [-74.15467, 4.91696], [-74.15468, 4.91695], [-74.1547, 4.91692], [-74.15502, 4.91661]]]}, "properties": {"nombre": "Galdamez", "name": "Vereda Galdamez", "color": "#39c591", "type": "vereda"}}, {"type": "Feature", "geometry": {"type": "Polygon", "coordinates": [[[-74.08005, 5.03915], [-74.08014, 5.03894], [-74.08021, 5.03863], [-74.08027, 5.03837], [-74.08027, 5.03827], [-74.08029, 5.03817], [-74.08029, 5.03808], [-74.08032, 5.038], [-74.0804, 5.0379], [-74.08052, 5.03778], [-74.08063, 5.03768], [-74.08079, 5.03745], [-74.081, 5.03711], [-74.08119, 5.0368], [-74.08155, 5.03625], [-74.08168, 5.03603], [-74.0818, 5.03579], [-74.08189, 5.03552], [-74.08209, 5.0351], [-74.08225, 5.03477], [-74.08236, 5.0345], [-74.08243, 5.0343], [-74.08253, 5.03411], [-74.08279, 5.03378], [-74.08315, 5.03338], [-74.08352, 5.03287], [-74.08373, 5.03247], [-74.08394, 5.03208], [-74.08402, 5.03193], [-74.0841, 5.03183], [-74.08427, 5.03164], [-74.08438, 5.0314], [-74.08445, 5.03114], [-74.08448, 5.03092], [-74.08452, 5.03078], [-74.08462, 5.03058], [-74.08471, 5.03043], [-74.08483, 5.0303], [-74.08495, 5.03018], [-74.08506, 5.03003], [-74.08515, 5.02988], [-74.08537, 5.02968], [-74.08575, 5.0293], [-74.08592, 5.02912], [-74.08615, 5.02889], [-74.08633, 5.02877], [-74.08645, 5.02871], [-74.08654, 5.02863], [-74.08659, 5.02853], [-74.08664, 5.0283], [-74.08665, 5.02809], [-74.08657, 5.02767], [-74.0865, 5.02739], [-74.08647, 5.02711], [-74.08644, 5.02674], [-74.08643, 5.02634], [-74.08646, 5.0259], [-74.0865, 5.02546], [-74.08655, 5.02496], [-74.08658, 5.02477], [-74.08656, 5.02457], [-74.08656, 5.02442], [-74.08656, 5.02421], [-74.08658, 5.02406], [-74.08662, 5.02381], [-74.08667, 5.02362], [-74.08678, 5.02327], [-74.0869, 5.02278], [-74.08698, 5.02248], [-74.08703, 5.0223], [-74.08705, 5.02216], [-74.08704, 5.02202], [-74.08701, 5.02168], [-74.08702, 5.0214], [-74.08715, 5.02103], [-74.0873, 5.02076], [-74.08749, 5.02044], [-74.08757, 5.02032], [-74.08759, 5.02019], [-74.08759, 5.01998], [-74.08756, 5.01978], [-74.0875, 5.01947], [-74.08749, 5.01926], [-74.08747, 5.01897], [-74.08748, 5.01872], [-74.08748, 5.01841], [-74.08755, 5.0181], [-74.08764, 5.01781], [-74.08766, 5.0176], [-74.08763, 5.0174], [-74.0876, 5.01718], [-74.08763, 5.01699], [-74.08773, 5.01654], [-74.0878, 5.01635], [-74.08791, 5.01598], [-74.08805, 5.01544], [-74.08814, 5.01525], [-74.08818, 5.0151], [-74.08821, 5.01493], [-74.08823, 5.01478], [-74.08826, 5.01462], [-74.08828, 5.0145], [-74.08832, 5.01444], [-74.08844, 5.01433], [-74.08853, 5.01427], [-74.0886, 5.01423], [-74.08865, 5.0142], [-74.0888, 5.01414], [-74.08895, 5.01411], [-74.08903, 5.01407], [-74.08909, 5.014], [-74.08911, 5.01393], [-74.08911, 5.01379], [-74.0891, 5.0136], [-74.08903, 5.01335], [-74.08896, 5.01311], [-74.08888, 5.01301], [-74.08876, 5.01295], [-74.08865, 5.01288], [-74.08853, 5.01279], [-74.08841, 5.01268], [-74.08829, 5.0126], [-74.08806, 5.01255], [-74.08792, 5.01252], [-74.08782, 5.01249], [-74.08774, 5.01247], [-74.08767, 5.01242], [-74.08758, 5.01234], [-74.08751, 5.01225], [-74.08751, 5.01225], [-74.08746, 5.01211], [-74.08739, 5.01191], [-74.08736, 5.0117], [-74.08741, 5.01135], [-74.08747, 5.01128], [-74.08756, 5.01119], [-74.08758, 5.01119], [-74.08762, 5.01117], [-74.08763, 5.01114], [-74.08761, 5.01107], [-74.08757, 5.01093], [-74.08754, 5.01085], [-74.08756, 5.01074], [-74.08759, 5.01065], [-74.08764, 5.01061], [-74.0877, 5.01057], [-74.08771, 5.01054], [-74.08771, 5.01048], [-74.08767, 5.0103], [-74.08756, 5.01002], [-74.08752, 5.00988], [-74.08751, 5.00983], [-74.08752, 5.00982], [-74.08757, 5.00983], [-74.08767, 5.0099], [-74.0877, 5.00991], [-74.08772, 5.0099], [-74.08773, 5.00987], [-74.08776, 5.0097], [-74.08777, 5.00953], [-74.08772, 5.00932], [-74.08766, 5.0092], [-74.08757, 5.00909], [-74.08748, 5.00907], [-74.08733, 5.00908], [-74.08714, 5.00905], [-74.08704, 5.00904], [-74.08697, 5.00904], [-74.08694, 5.00901], [-74.08694, 5.00897], [-74.08703, 5.0089], [-74.08732, 5.00866], [-74.08754, 5.00848], [-74.08776, 5.00833], [-74.08779, 5.00832], [-74.08788, 5.00828], [-74.08809, 5.00827], [-74.08828, 5.00829], [-74.08835, 5.00833], [-74.08849, 5.00847], [-74.08849, 5.00848], [-74.08854, 5.00853], [-74.08867, 5.00864], [-74.08879, 5.00875], [-74.08884, 5.00876], [-74.08889, 5.00872], [-74.089, 5.00856], [-74.08925, 5.00838], [-74.08935, 5.00828], [-74.08947, 5.00813], [-74.08959, 5.00795], [-74.08967, 5.00785], [-74.08972, 5.00781], [-74.08991, 5.00778], [-74.09001, 5.00774], [-74.09006, 5.00769], [-74.09014, 5.00759], [-74.09018, 5.00754], [-74.09026, 5.00746], [-74.09039, 5.00739], [-74.09058, 5.00735], [-74.09076, 5.00729], [-74.0909, 5.00724], [-74.091, 5.00716], [-74.09108, 5.00703], [-74.09118, 5.00687], [-74.09129, 5.00673], [-74.09141, 5.00662], [-74.09145, 5.00656], [-74.09148, 5.00647], [-74.09152, 5.00642], [-74.09159, 5.00635], [-74.09168, 5.00631], [-74.09187, 5.00628], [-74.09241, 5.00626], [-74.09257, 5.00628], [-74.09271, 5.00632], [-74.0929, 5.0064], [-74.09309, 5.00646], [-74.0933, 5.00652], [-74.09345, 5.00651], [-74.09357, 5.00646], [-74.09362, 5.00644], [-74.09378, 5.00636], [-74.09392, 5.0063], [-74.09399, 5.00624], [-74.09407, 5.00619], [-74.09416, 5.00617], [-74.09441, 5.00612], [-74.09465, 5.00605], [-74.0948, 5.00598], [-74.09494, 5.00585], [-74.09494, 5.00585], [-74.09504, 5.00571], [-74.09522, 5.00561], [-74.09543, 5.00556], [-74.09564, 5.00555], [-74.09584, 5.0056], [-74.09586, 5.0056], [-74.09617, 5.0057], [-74.09655, 5.00576], [-74.09676, 5.00575], [-74.09691, 5.00573], [-74.09696, 5.00569], [-74.09713, 5.00551], [-74.09722, 5.00547], [-74.09726, 5.00549], [-74.09732, 5.00553], [-74.09734, 5.00558], [-74.09736, 5.00562], [-74.09748, 5.00598], [-74.09755, 5.00614], [-74.09757, 5.00619], [-74.09767, 5.00636], [-74.09783, 5.00659], [-74.09797, 5.00673], [-74.09823, 5.00697], [-74.09844, 5.00718], [-74.09862, 5.00741], [-74.09881, 5.00763], [-74.09912, 5.00784], [-74.09953, 5.00803], [-74.09982, 5.00814], [-74.09998, 5.00816], [-74.10015, 5.00815], [-74.10033, 5.00809], [-74.10041, 5.00804], [-74.10069, 5.00791], [-74.10076, 5.00784], [-74.1009, 5.0078], [-74.10113, 5.00774], [-74.10135, 5.00773], [-74.10151, 5.00776], [-74.10162, 5.00783], [-74.10178, 5.00791], [-74.10185, 5.00794], [-74.10198, 5.00802], [-74.10212, 5.00809], [-74.10225, 5.00812], [-74.10236, 5.00811], [-74.10245, 5.00798], [-74.10261, 5.0077], [-74.10262, 5.00769], [-74.10269, 5.00752], [-74.10281, 5.0073], [-74.10288, 5.00708], [-74.10298, 5.00681], [-74.10307, 5.00647], [-74.10317, 5.00613], [-74.10319, 5.006], [-74.10321, 5.00584], [-74.1033, 5.00569], [-74.10335, 5.00556], [-74.1034, 5.00548], [-74.10344, 5.00538], [-74.10345, 5.00528], [-74.10597, 5.00461], [-74.10607, 5.00458], [-74.10647, 5.00447], [-74.10675, 5.00441], [-74.107, 5.00428], [-74.10719, 5.00412], [-74.10743, 5.00393], [-74.10777, 5.00376], [-74.10802, 5.00371], [-74.1082, 5.00376], [-74.10835, 5.00379], [-74.10865, 5.0037], [-74.10897, 5.00352], [-74.10923, 5.00338], [-74.10952, 5.00326], [-74.10961, 5.00337], [-74.10967, 5.00343], [-74.10984, 5.00344], [-74.11012, 5.0034], [-74.11041, 5.00343], [-74.11072, 5.00338], [-74.11102, 5.00344], [-74.11139, 5.00352], [-74.11166, 5.00351], [-74.11222, 5.00345], [-74.11327, 5.00328], [-74.11396, 5.00314], [-74.11477, 5.00314], [-74.11548, 5.00317], [-74.11582, 5.00317], [-74.11653, 5.00314], [-74.11737, 5.00313], [-74.11805, 5.00308], [-74.1188, 5.00304], [-74.11967, 5.00299], [-74.12048, 5.00297], [-74.12115, 5.00291], [-74.12199, 5.00287], [-74.12275, 5.00288], [-74.12336, 5.00283], [-74.12352, 5.00284], [-74.12418, 5.00299], [-74.1247, 5.00314], [-74.12513, 5.00329], [-74.12595, 5.00369], [-74.12638, 5.00389], [-74.12661, 5.00362], [-74.12695, 5.00319], [-74.12697, 5.00296], [-74.12709, 5.00275], [-74.12723, 5.00273], [-74.12762, 5.00271], [-74.12804, 5.00268], [-74.12841, 5.00269], [-74.12869, 5.00275], [-74.12904, 5.00289], [-74.12928, 5.00309], [-74.12962, 5.00322], [-74.13007, 5.00329], [-74.13014, 5.00334], [-74.13041, 5.00349], [-74.13043, 5.0037], [-74.13069, 5.00452], [-74.1307, 5.00456], [-74.13054, 5.00484], [-74.1312, 5.005], [-74.1318, 5.00505], [-74.13182, 5.00494], [-74.13221, 5.00499], [-74.13221, 5.005], [-74.13221, 5.00504], [-74.13221, 5.00508], [-74.1322, 5.00516], [-74.1322, 5.00528], [-74.1323, 5.0053], [-74.13238, 5.00541], [-74.13242, 5.00545], [-74.13242, 5.00546], [-74.13243, 5.00563], [-74.13243, 5.00587], [-74.13243, 5.00596], [-74.13232, 5.00623], [-74.13242, 5.00624], [-74.13241, 5.00643], [-74.1326, 5.00651], [-74.13269, 5.00648], [-74.13282, 5.00613], [-74.13295, 5.00593], [-74.13305, 5.00593], [-74.13375, 5.00594], [-74.13376, 5.00593], [-74.13374, 5.00582], [-74.13374, 5.00581], [-74.13377, 5.00582], [-74.13378, 5.00603], [-74.13367, 5.00614], [-74.13342, 5.00628], [-74.13335, 5.00649], [-74.1333, 5.00682], [-74.1333, 5.00684], [-74.13326, 5.00722], [-74.13321, 5.00791], [-74.1332, 5.00833], [-74.13314, 5.0092], [-74.1331, 5.00958], [-74.13287, 5.00979], [-74.13248, 5.01014], [-74.13207, 5.01063], [-74.13201, 5.01082], [-74.13208, 5.01099], [-74.13217, 5.01125], [-74.13209, 5.0115], [-74.13198, 5.0118], [-74.13168, 5.01208], [-74.13137, 5.0124], [-74.13086, 5.01276], [-74.13006, 5.01305], [-74.12948, 5.01315], [-74.12867, 5.01324], [-74.12825, 5.0134], [-74.12802, 5.0135], [-74.12765, 5.0136], [-74.12754, 5.0135], [-74.12745, 5.01335], [-74.12722, 5.01321], [-74.12691, 5.01309], [-74.12672, 5.01325], [-74.12643, 5.01401], [-74.12617, 5.01461], [-74.12579, 5.01534], [-74.12571, 5.01565], [-74.12561, 5.01592], [-74.12535, 5.01621], [-74.12513, 5.0164], [-74.12487, 5.01647], [-74.12455, 5.01642], [-74.12374, 5.01657], [-74.12334, 5.01675], [-74.12319, 5.01693], [-74.12278, 5.01749], [-74.12252, 5.01763], [-74.12185, 5.0179], [-74.12147, 5.01812], [-74.12118, 5.01824], [-74.12055, 5.01817], [-74.12024, 5.01821], [-74.12008, 5.01849], [-74.11991, 5.01878], [-74.11942, 5.01877], [-74.11838, 5.01862], [-74.11831, 5.01874], [-74.11823, 5.01895], [-74.11775, 5.01895], [-74.11746, 5.01939], [-74.1175, 5.01952], [-74.11756, 5.01972], [-74.11753, 5.01999], [-74.1174, 5.02032], [-74.11745, 5.02049], [-74.11769, 5.02052], [-74.11777, 5.02053], [-74.1179, 5.02033], [-74.1181, 5.02038], [-74.11827, 5.02044], [-74.1182, 5.02068], [-74.11815, 5.02093], [-74.118, 5.02175], [-74.11782, 5.02209], [-74.11771, 5.02232], [-74.11728, 5.02261], [-74.11697, 5.02276], [-74.11687, 5.02311], [-74.11671, 5.02353], [-74.11654, 5.02381], [-74.11639, 5.02404], [-74.11618, 5.02437], [-74.11589, 5.02479], [-74.11567, 5.02512], [-74.11546, 5.02542], [-74.11541, 5.02573], [-74.11522, 5.02605], [-74.11497, 5.02646], [-74.11458, 5.0271], [-74.1145, 5.0273], [-74.11422, 5.02727], [-74.11362, 5.0269], [-74.11325, 5.02672], [-74.11315, 5.02687], [-74.11296, 5.02711], [-74.11278, 5.02747], [-74.11254, 5.02801], [-74.11235, 5.02834], [-74.11202, 5.02893], [-74.11192, 5.02919], [-74.11168, 5.02955], [-74.11144, 5.02969], [-74.11109, 5.02986], [-74.11091, 5.02996], [-74.11074, 5.03018], [-74.11064, 5.03042], [-74.11039, 5.03057], [-74.10974, 5.03081], [-74.10943, 5.0308], [-74.10915, 5.03068], [-74.10894, 5.0306], [-74.10868, 5.03054], [-74.10826, 5.03059], [-74.10759, 5.03044], [-74.10709, 5.03015], [-74.10677, 5.02983], [-74.10655, 5.02956], [-74.10625, 5.02939], [-74.10618, 5.0296], [-74.10596, 5.03009], [-74.1057, 5.03072], [-74.1056, 5.03096], [-74.10568, 5.03115], [-74.10587, 5.03124], [-74.10613, 5.0314], [-74.10646, 5.03156], [-74.10671, 5.03185], [-74.10685, 5.03204], [-74.10688, 5.03234], [-74.10601, 5.03212], [-74.10563, 5.03198], [-74.10474, 5.03198], [-74.10397, 5.03197], [-74.10316, 5.03197], [-74.10282, 5.03202], [-74.1026, 5.03233], [-74.10234, 5.03248], [-74.10191, 5.03261], [-74.10161, 5.03272], [-74.10103, 5.033], [-74.10055, 5.03324], [-74.1003, 5.03335], [-74.09996, 5.03358], [-74.09942, 5.03392], [-74.099, 5.03419], [-74.09859, 5.03429], [-74.09817, 5.0343], [-74.09783, 5.03441], [-74.09717, 5.0347], [-74.09688, 5.03483], [-74.09651, 5.03496], [-74.09599, 5.03506], [-74.09574, 5.03503], [-74.09535, 5.03501], [-74.09476, 5.03511], [-74.09466, 5.03521], [-74.09463, 5.03554], [-74.09458, 5.03612], [-74.09456, 5.03642], [-74.09437, 5.03651], [-74.09404, 5.0365], [-74.09369, 5.03648], [-74.0936, 5.03664], [-74.09359, 5.03671], [-74.09338, 5.03677], [-74.09306, 5.0366], [-74.0927, 5.03643], [-74.09237, 5.03624], [-74.0921, 5.03589], [-74.09185, 5.0359], [-74.09114, 5.03611], [-74.09072, 5.03629], [-74.09013, 5.03662], [-74.08913, 5.03718], [-74.08797, 5.0378], [-74.0871, 5.03828], [-74.08642, 5.03855], [-74.08548, 5.03893], [-74.08455, 5.0393], [-74.08354, 5.0397], [-74.08278, 5.04], [-74.08241, 5.04015], [-74.08208, 5.04019], [-74.08186, 5.04023], [-74.08166, 5.04042], [-74.08146, 5.04061], [-74.08047, 5.04117], [-74.08032, 5.04098], [-74.08001, 5.04067], [-74.07992, 5.04057], [-74.07982, 5.04045], [-74.07972, 5.04023], [-74.07971, 5.04011], [-74.07972, 5.03998], [-74.07974, 5.03982], [-74.0798, 5.03962], [-74.07997, 5.03933], [-74.08005, 5.03915]]]}, "properties": {"nombre": "La Union", "name": "Vereda La Union", "color": "#ba39c5", "type": "vereda"}}, {"type": "Feature", "geometry": {"type": "Polygon", "coordinates": [[[-74.21991, 4.93657], [-74.21932, 4.93655], [-74.21911, 4.9366], [-74.21845, 4.93677], [-74.21803, 4.93681], [-74.21764, 4.93669], [-74.21725, 4.93647], [-74.21702, 4.93636], [-74.21651, 4.93629], [-74.21592, 4.93629], [-74.21508, 4.93643], [-74.21438, 4.93655], [-74.21408, 4.93666], [-74.21382, 4.93667], [-74.21357, 4.93668], [-74.21289, 4.93667], [-74.21248, 4.93641], [-74.21177, 4.93609], [-74.21135, 4.9359], [-74.21081, 4.93574], [-74.20995, 4.93518], [-74.20958, 4.93526], [-74.20934, 4.93507], [-74.20911, 4.93509], [-74.20881, 4.93514], [-74.2086, 4.93524], [-74.20852, 4.93522], [-74.20846, 4.93517], [-74.20825, 4.93508], [-74.20814, 4.93506], [-74.20799, 4.9349], [-74.20778, 4.93468], [-74.20766, 4.93513], [-74.20752, 4.93568], [-74.20735, 4.93595], [-74.20726, 4.93595], [-74.20693, 4.93599], [-74.20644, 4.93598], [-74.20626, 4.93592], [-74.20605, 4.93577], [-74.20573, 4.93568], [-74.20532, 4.93567], [-74.20526, 4.9356], [-74.20515, 4.93545], [-74.20497, 4.9354], [-74.20479, 4.93541], [-74.20461, 4.93549], [-74.20435, 4.93566], [-74.20422, 4.93571], [-74.2039, 4.93579], [-74.20347, 4.93586], [-74.20314, 4.93588], [-74.20292, 4.9359], [-74.20278, 4.93592], [-74.20257, 4.93591], [-74.20236, 4.93596], [-74.20232, 4.93582], [-74.20228, 4.93575], [-74.20215, 4.93569], [-74.20207, 4.93569], [-74.20193, 4.9357], [-74.2018, 4.93571], [-74.20167, 4.93566], [-74.20152, 4.93548], [-74.20144, 4.93538], [-74.20144, 4.93523], [-74.20144, 4.93509], [-74.20139, 4.93492], [-74.20133, 4.93479], [-74.20128, 4.93476], [-74.20118, 4.93471], [-74.20103, 4.9347], [-74.20088, 4.93477], [-74.2007, 4.93484], [-74.20037, 4.93478], [-74.20013, 4.93474], [-74.19991, 4.93466], [-74.19966, 4.93465], [-74.1996, 4.93467], [-74.19938, 4.9346], [-74.19927, 4.93456], [-74.19913, 4.93446], [-74.19895, 4.93425], [-74.19894, 4.93412], [-74.19897, 4.93407], [-74.19908, 4.93405], [-74.19927, 4.93395], [-74.19925, 4.9337], [-74.19921, 4.93359], [-74.19903, 4.93345], [-74.19888, 4.93333], [-74.19873, 4.93322], [-74.19858, 4.933], [-74.19859, 4.93265], [-74.19856, 4.9324], [-74.19852, 4.93229], [-74.19838, 4.93213], [-74.19825, 4.93206], [-74.19813, 4.93207], [-74.19768, 4.93205], [-74.19756, 4.93208], [-74.19733, 4.93228], [-74.19708, 4.93246], [-74.19674, 4.9324], [-74.19653, 4.93232], [-74.19608, 4.93218], [-74.19574, 4.93215], [-74.19541, 4.93217], [-74.19524, 4.93214], [-74.19519, 4.93205], [-74.19503, 4.93201], [-74.19494, 4.93208], [-74.19491, 4.93216], [-74.19489, 4.93225], [-74.19471, 4.93236], [-74.19463, 4.93234], [-74.19448, 4.9322], [-74.19435, 4.93202], [-74.19401, 4.93176], [-74.19397, 4.93159], [-74.19404, 4.93146], [-74.19415, 4.93127], [-74.19432, 4.9309], [-74.1943, 4.9308], [-74.19426, 4.93074], [-74.19403, 4.93079], [-74.19391, 4.93084], [-74.19381, 4.93082], [-74.1937, 4.93075], [-74.19352, 4.9307], [-74.19329, 4.93068], [-74.19305, 4.93071], [-74.1929, 4.93066], [-74.19274, 4.93062], [-74.19247, 4.93043], [-74.19233, 4.93036], [-74.19214, 4.9303], [-74.19203, 4.93024], [-74.19192, 4.93034], [-74.1918, 4.93047], [-74.19168, 4.93037], [-74.19167, 4.93026], [-74.19167, 4.93014], [-74.19161, 4.93008], [-74.19142, 4.93014], [-74.19132, 4.93021], [-74.19107, 4.9305], [-74.191, 4.93055], [-74.19086, 4.93051], [-74.19082, 4.93042], [-74.19091, 4.93032], [-74.19099, 4.93026], [-74.19099, 4.93016], [-74.19091, 4.93012], [-74.19091, 4.93012], [-74.19059, 4.93013], [-74.19055, 4.93005], [-74.19053, 4.9299], [-74.19049, 4.92984], [-74.19033, 4.92985], [-74.19015, 4.9298], [-74.19008, 4.92971], [-74.18986, 4.92962], [-74.1895, 4.92958], [-74.1893, 4.92955], [-74.18922, 4.92948], [-74.18898, 4.92942], [-74.18883, 4.92948], [-74.18877, 4.92966], [-74.18877, 4.92995], [-74.18861, 4.92995], [-74.18853, 4.92987], [-74.18841, 4.92972], [-74.18839, 4.92965], [-74.18837, 4.92959], [-74.18831, 4.9295], [-74.18814, 4.92944], [-74.18792, 4.92931], [-74.18781, 4.92906], [-74.18777, 4.92904], [-74.18759, 4.9289], [-74.18748, 4.92883], [-74.18726, 4.92885], [-74.18719, 4.92902], [-74.18717, 4.92914], [-74.18711, 4.92922], [-74.18695, 4.92928], [-74.18685, 4.92926], [-74.18674, 4.92919], [-74.18669, 4.92912], [-74.18666, 4.92908], [-74.18655, 4.92904], [-74.18649, 4.92905], [-74.18645, 4.92915], [-74.18647, 4.92924], [-74.18641, 4.92936], [-74.18636, 4.92941], [-74.18618, 4.92939], [-74.1861, 4.92942], [-74.18599, 4.92953], [-74.18587, 4.9297], [-74.18565, 4.92988], [-74.18546, 4.92999], [-74.18524, 4.93001], [-74.185, 4.92991], [-74.18492, 4.92984], [-74.18472, 4.92983], [-74.18469, 4.92988], [-74.18454, 4.92994], [-74.18451, 4.92988], [-74.18435, 4.92983], [-74.18429, 4.92985], [-74.18413, 4.92991], [-74.18394, 4.92993], [-74.18373, 4.92988], [-74.1835, 4.9297], [-74.18345, 4.92961], [-74.18335, 4.92937], [-74.18334, 4.92929], [-74.18307, 4.92896], [-74.18301, 4.9289], [-74.18283, 4.92884], [-74.18259, 4.9288], [-74.1824, 4.92881], [-74.18209, 4.92879], [-74.18193, 4.92865], [-74.18181, 4.92859], [-74.18152, 4.92864], [-74.18116, 4.92869], [-74.18102, 4.92862], [-74.18076, 4.92848], [-74.18068, 4.92835], [-74.18063, 4.92814], [-74.18057, 4.92804], [-74.18048, 4.92799], [-74.18033, 4.92784], [-74.18036, 4.92776], [-74.18043, 4.92768], [-74.18047, 4.92761], [-74.18046, 4.92755], [-74.18027, 4.92751], [-74.18022, 4.92751], [-74.18007, 4.92753], [-74.17989, 4.92761], [-74.17976, 4.92773], [-74.17969, 4.92777], [-74.17956, 4.92773], [-74.17944, 4.92768], [-74.17919, 4.92753], [-74.17913, 4.92746], [-74.17907, 4.92732], [-74.17901, 4.92704], [-74.17897, 4.92694], [-74.17885, 4.92682], [-74.17854, 4.92655], [-74.17832, 4.9264], [-74.17804, 4.92626], [-74.17789, 4.92625], [-74.17774, 4.92614], [-74.1777, 4.92607], [-74.17759, 4.92587], [-74.17752, 4.92575], [-74.1774, 4.92565], [-74.1773, 4.92561], [-74.17718, 4.92557], [-74.17704, 4.92551], [-74.17699, 4.92547], [-74.17682, 4.92537], [-74.17654, 4.92542], [-74.17639, 4.92537], [-74.17623, 4.92531], [-74.176, 4.92519], [-74.17585, 4.92515], [-74.1756, 4.92504], [-74.17538, 4.92485], [-74.17532, 4.92478], [-74.17509, 4.92477], [-74.17508, 4.92477], [-74.17508, 4.92476], [-74.17507, 4.92476], [-74.17506, 4.92475], [-74.17506, 4.92474], [-74.17505, 4.92473], [-74.17505, 4.92473], [-74.17504, 4.92472], [-74.17503, 4.92471], [-74.17503, 4.9247], [-74.17503, 4.92469], [-74.17502, 4.92469], [-74.17502, 4.92467], [-74.17501, 4.92466], [-74.17501, 4.92465], [-74.175, 4.92464], [-74.17499, 4.92463], [-74.17498, 4.92461], [-74.17497, 4.9246], [-74.17496, 4.92459], [-74.17495, 4.92457], [-74.17495, 4.92457], [-74.17495, 4.92457], [-74.17494, 4.92456], [-74.17494, 4.92455], [-74.17493, 4.92454], [-74.17492, 4.92454], [-74.17491, 4.92453], [-74.17491, 4.92452], [-74.1749, 4.92451], [-74.1749, 4.9245], [-74.17489, 4.92449], [-74.17489, 4.92448], [-74.17488, 4.92447], [-74.17487, 4.92446], [-74.17487, 4.92445], [-74.17486, 4.92444], [-74.17485, 4.92442], [-74.17484, 4.92441], [-74.17483, 4.92441], [-74.17482, 4.9244], [-74.17481, 4.92439], [-74.1748, 4.92439], [-74.1748, 4.92438], [-74.17478, 4.92436], [-74.17477, 4.92435], [-74.17477, 4.92434], [-74.17476, 4.92433], [-74.17474, 4.92432], [-74.17473, 4.92431], [-74.17472, 4.9243], [-74.17471, 4.92429], [-74.1747, 4.92429], [-74.1747, 4.92428], [-74.1747, 4.92428], [-74.17469, 4.92429], [-74.17466, 4.92432], [-74.17465, 4.92434], [-74.17464, 4.92434], [-74.17462, 4.92436], [-74.17461, 4.92438], [-74.17459, 4.92439], [-74.17457, 4.92441], [-74.17456, 4.92443], [-74.17455, 4.92443], [-74.17454, 4.92445], [-74.17453, 4.92446], [-74.17452, 4.92448], [-74.17451, 4.92449], [-74.17451, 4.9245], [-74.1745, 4.92451], [-74.1745, 4.92452], [-74.17449, 4.92453], [-74.17448, 4.92454], [-74.17448, 4.92455], [-74.17447, 4.92456], [-74.17446, 4.92457], [-74.17445, 4.92459], [-74.17444, 4.9246], [-74.17443, 4.92461], [-74.17441, 4.92463], [-74.1744, 4.92464], [-74.17438, 4.92466], [-74.17438, 4.92466], [-74.17437, 4.92467], [-74.17437, 4.92469], [-74.17436, 4.92471], [-74.17435, 4.92473], [-74.17434, 4.92475], [-74.17433, 4.92476], [-74.17432, 4.92477], [-74.17432, 4.92479], [-74.17431, 4.9248], [-74.1743, 4.92482], [-74.17429, 4.92484], [-74.17429, 4.92485], [-74.17428, 4.92486], [-74.17427, 4.92488], [-74.17426, 4.92489], [-74.17425, 4.92491], [-74.17424, 4.92494], [-74.17423, 4.92495], [-74.17422, 4.92496], [-74.17422, 4.92497], [-74.17421, 4.92498], [-74.17421, 4.92499], [-74.1742, 4.925], [-74.17419, 4.92501], [-74.17419, 4.92503], [-74.17418, 4.92504], [-74.17417, 4.92505], [-74.17417, 4.92506], [-74.17416, 4.92507], [-74.17416, 4.92508], [-74.17415, 4.9251], [-74.17415, 4.92511], [-74.17414, 4.92511], [-74.17414, 4.92513], [-74.17414, 4.92514], [-74.17414, 4.92515], [-74.17413, 4.92516], [-74.17413, 4.92517], [-74.17413, 4.92518], [-74.17413, 4.92519], [-74.17411, 4.92523], [-74.17411, 4.92524], [-74.17411, 4.92526], [-74.1741, 4.92528], [-74.1741, 4.92529], [-74.17409, 4.92529], [-74.17409, 4.92531], [-74.17409, 4.92531], [-74.17315, 4.92509], [-74.17274, 4.92499], [-74.17271, 4.92494], [-74.1726, 4.92479], [-74.17253, 4.92464], [-74.17252, 4.9245], [-74.17251, 4.92444], [-74.17251, 4.92433], [-74.17258, 4.92406], [-74.17265, 4.92375], [-74.17274, 4.92337], [-74.17299, 4.92304], [-74.17313, 4.92285], [-74.17323, 4.9228], [-74.17337, 4.9228], [-74.17343, 4.92276], [-74.17343, 4.92266], [-74.17332, 4.92257], [-74.17336, 4.92253], [-74.17341, 4.92251], [-74.17351, 4.92237], [-74.17345, 4.92223], [-74.17318, 4.92182], [-74.17308, 4.9217], [-74.17281, 4.92139], [-74.17252, 4.92141], [-74.17233, 4.92136], [-74.17202, 4.92129], [-74.17187, 4.92107], [-74.1718, 4.92091], [-74.17161, 4.92071], [-74.17148, 4.92059], [-74.17152, 4.92039], [-74.1715, 4.9201], [-74.17145, 4.92001], [-74.17158, 4.91971], [-74.17175, 4.9196], [-74.1718, 4.91961], [-74.17182, 4.91942], [-74.17188, 4.9192], [-74.17212, 4.9188], [-74.17222, 4.91867], [-74.1724, 4.9185], [-74.17263, 4.91823], [-74.17281, 4.91807], [-74.17312, 4.91759], [-74.17313, 4.91746], [-74.17318, 4.91725], [-74.17329, 4.91713], [-74.17354, 4.91699], [-74.17351, 4.91686], [-74.17347, 4.91671], [-74.17356, 4.91662], [-74.17347, 4.91647], [-74.17334, 4.91643], [-74.17334, 4.91646], [-74.17327, 4.91655], [-74.17318, 4.91647], [-74.17315, 4.91624], [-74.17328, 4.91606], [-74.17344, 4.91588], [-74.17359, 4.9155], [-74.17365, 4.91525], [-74.17368, 4.91477], [-74.17374, 4.91454], [-74.17387, 4.91435], [-74.17409, 4.91422], [-74.17427, 4.9142], [-74.17436, 4.91425], [-74.17439, 4.91441], [-74.17435, 4.91457], [-74.17444, 4.91467], [-74.17465, 4.91444], [-74.17481, 4.91424], [-74.1749, 4.91413], [-74.17504, 4.91375], [-74.17506, 4.91345], [-74.17532, 4.91286], [-74.17534, 4.91283], [-74.17554, 4.91247], [-74.17562, 4.91228], [-74.17567, 4.9121], [-74.17572, 4.91188], [-74.17573, 4.9118], [-74.17568, 4.91168], [-74.17556, 4.91168], [-74.17541, 4.91173], [-74.17535, 4.91173], [-74.17533, 4.91153], [-74.17536, 4.9114], [-74.17529, 4.91137], [-74.17523, 4.91141], [-74.17509, 4.91148], [-74.17496, 4.91153], [-74.17482, 4.91148], [-74.17476, 4.91141], [-74.17475, 4.91126], [-74.1749, 4.91111], [-74.17508, 4.91097], [-74.17543, 4.91076], [-74.17546, 4.91062], [-74.17546, 4.91041], [-74.17551, 4.91014], [-74.17568, 4.91002], [-74.17585, 4.90989], [-74.17596, 4.90971], [-74.17605, 4.90949], [-74.17593, 4.90921], [-74.17577, 4.90904], [-74.1756, 4.90891], [-74.1753, 4.90881], [-74.17519, 4.90868], [-74.17519, 4.90852], [-74.17533, 4.90841], [-74.17554, 4.90838], [-74.17567, 4.90818], [-74.17572, 4.90805], [-74.17569, 4.90782], [-74.17571, 4.90763], [-74.17582, 4.90756], [-74.1759, 4.90757], [-74.17605, 4.90764], [-74.17615, 4.90782], [-74.1762, 4.90797], [-74.17627, 4.90815], [-74.17633, 4.90825], [-74.17645, 4.90829], [-74.17648, 4.90806], [-74.17643, 4.90776], [-74.17646, 4.90765], [-74.17659, 4.90751], [-74.17646, 4.90726], [-74.17644, 4.90698], [-74.1765, 4.90661], [-74.17663, 4.90617], [-74.17677, 4.90591], [-74.17707, 4.90564], [-74.17726, 4.90533], [-74.1774, 4.90515], [-74.17756, 4.90492], [-74.17764, 4.90487], [-74.17784, 4.90463], [-74.17809, 4.90435], [-74.17827, 4.90412], [-74.17842, 4.90399], [-74.17855, 4.90397], [-74.17863, 4.9039], [-74.17856, 4.90374], [-74.17852, 4.90371], [-74.17835, 4.90365], [-74.17835, 4.90348], [-74.17861, 4.90337], [-74.17878, 4.90326], [-74.17896, 4.90287], [-74.17919, 4.90255], [-74.17975, 4.9024], [-74.17998, 4.90182], [-74.18003, 4.90164], [-74.18, 4.90146], [-74.18002, 4.90133], [-74.18014, 4.90128], [-74.18033, 4.90124], [-74.18034, 4.90124], [-74.18056, 4.90134], [-74.1809, 4.90148], [-74.18165, 4.90187], [-74.18223, 4.90203], [-74.18278, 4.9022], [-74.183, 4.90234], [-74.1832, 4.90258], [-74.18349, 4.90297], [-74.18358, 4.90301], [-74.1839, 4.90312], [-74.1842, 4.90331], [-74.18488, 4.90352], [-74.18536, 4.90363], [-74.18589, 4.90373], [-74.18634, 4.90376], [-74.18667, 4.9037], [-74.18697, 4.90377], [-74.18722, 4.90394], [-74.18758, 4.90411], [-74.18785, 4.90435], [-74.18815, 4.90459], [-74.18841, 4.90494], [-74.18863, 4.90533], [-74.189, 4.90564], [-74.18931, 4.90591], [-74.18977, 4.90632], [-74.19038, 4.90665], [-74.19056, 4.90675], [-74.19082, 4.90699], [-74.19105, 4.90725], [-74.1911, 4.90742], [-74.19113, 4.90754], [-74.19124, 4.90764], [-74.19139, 4.90783], [-74.19141, 4.90802], [-74.19157, 4.90824], [-74.19177, 4.90836], [-74.19195, 4.90867], [-74.19238, 4.90906], [-74.1927, 4.90933], [-74.19273, 4.9095], [-74.19285, 4.90973], [-74.19295, 4.90986], [-74.1932, 4.91035], [-74.19345, 4.91117], [-74.19364, 4.91172], [-74.19371, 4.91236], [-74.19377, 4.9127], [-74.19381, 4.91321], [-74.19368, 4.9136], [-74.19347, 4.9139], [-74.19326, 4.91427], [-74.19319, 4.91483], [-74.19313, 4.91515], [-74.19295, 4.91555], [-74.19289, 4.9158], [-74.19295, 4.91611], [-74.19311, 4.91651], [-74.19321, 4.9167], [-74.19332, 4.91693], [-74.19353, 4.91725], [-74.19394, 4.91746], [-74.19404, 4.9175], [-74.19425, 4.91755], [-74.19438, 4.91766], [-74.19475, 4.91805], [-74.19509, 4.91819], [-74.19535, 4.91821], [-74.19575, 4.91826], [-74.19585, 4.9184], [-74.19592, 4.91869], [-74.19594, 4.91896], [-74.19593, 4.91922], [-74.19587, 4.91973], [-74.19592, 4.91997], [-74.19618, 4.92041], [-74.19633, 4.9206], [-74.19661, 4.92086], [-74.1971, 4.92125], [-74.19761, 4.92149], [-74.19824, 4.92179], [-74.19841, 4.92188], [-74.19856, 4.92205], [-74.19864, 4.92223], [-74.19875, 4.92239], [-74.19897, 4.92249], [-74.19913, 4.9225], [-74.19932, 4.92258], [-74.1996, 4.92292], [-74.19984, 4.92316], [-74.20006, 4.92323], [-74.20019, 4.92323], [-74.20035, 4.92326], [-74.20073, 4.92351], [-74.20102, 4.92351], [-74.20125, 4.92348], [-74.20162, 4.92362], [-74.20199, 4.92389], [-74.20218, 4.92407], [-74.20235, 4.92427], [-74.20265, 4.92453], [-74.20284, 4.92476], [-74.20311, 4.92498], [-74.20357, 4.92519], [-74.20398, 4.92544], [-74.20417, 4.92565], [-74.20439, 4.92584], [-74.20458, 4.9259], [-74.20491, 4.92585], [-74.20502, 4.92588], [-74.20531, 4.92593], [-74.2055, 4.92608], [-74.20567, 4.92621], [-74.20602, 4.92642], [-74.20623, 4.92639], [-74.20694, 4.92629], [-74.20739, 4.92626], [-74.20753, 4.9263], [-74.20797, 4.92643], [-74.20847, 4.92647], [-74.20875, 4.9264], [-74.20893, 4.92631], [-74.20919, 4.92625], [-74.20927, 4.92627], [-74.20956, 4.92642], [-74.20982, 4.92649], [-74.21031, 4.92648], [-74.21063, 4.92643], [-74.21094, 4.92639], [-74.2111, 4.92649], [-74.21139, 4.92665], [-74.21168, 4.92668], [-74.21188, 4.92664], [-74.21209, 4.92679], [-74.2123, 4.92702], [-74.21251, 4.92717], [-74.213, 4.92723], [-74.21337, 4.92729], [-74.21355, 4.92741], [-74.21366, 4.92758], [-74.21361, 4.92796], [-74.21354, 4.92823], [-74.21358, 4.92859], [-74.21354, 4.9288], [-74.21302, 4.92959], [-74.21286, 4.92991], [-74.21277, 4.93028], [-74.21273, 4.93079], [-74.21273, 4.93115], [-74.21278, 4.93143], [-74.21296, 4.93158], [-74.21317, 4.93158], [-74.21355, 4.93142], [-74.21386, 4.93128], [-74.21413, 4.93118], [-74.21433, 4.93118], [-74.21451, 4.93126], [-74.21472, 4.93136], [-74.21501, 4.93133], [-74.21525, 4.93126], [-74.21558, 4.93124], [-74.21577, 4.93125], [-74.21607, 4.93132], [-74.21621, 4.93], [-74.21603, 4.92923], [-74.21586, 4.92868], [-74.21573, 4.92829], [-74.21573, 4.92799], [-74.21576, 4.92764], [-74.21602, 4.92746], [-74.2163, 4.92742], [-74.21663, 4.92737], [-74.21724, 4.92742], [-74.21754, 4.92744], [-74.21805, 4.9274], [-74.21933, 4.92749], [-74.22032, 4.92757], [-74.22048, 4.92763], [-74.22065, 4.92782], [-74.22058, 4.92801], [-74.22054, 4.92822], [-74.22048, 4.92844], [-74.22046, 4.92864], [-74.22045, 4.92884], [-74.22044, 4.92894], [-74.22039, 4.92908], [-74.22032, 4.92916], [-74.22023, 4.92925], [-74.22017, 4.9293], [-74.21988, 4.92952], [-74.2195, 4.92978], [-74.21909, 4.93014], [-74.21889, 4.93028], [-74.21867, 4.93041], [-74.21848, 4.93049], [-74.21833, 4.93056], [-74.21812, 4.93063], [-74.21796, 4.93068], [-74.21781, 4.93075], [-74.21769, 4.93082], [-74.21762, 4.93088], [-74.21751, 4.93095], [-74.21739, 4.93101], [-74.21721, 4.93108], [-74.21701, 4.93119], [-74.21684, 4.93128], [-74.21681, 4.93132], [-74.21679, 4.93139], [-74.21679, 4.93146], [-74.21679, 4.93154], [-74.21702, 4.9315], [-74.21716, 4.93147], [-74.21724, 4.93143], [-74.21732, 4.9314], [-74.21736, 4.93137], [-74.21741, 4.93134], [-74.21745, 4.93132], [-74.21751, 4.9313], [-74.21758, 4.93129], [-74.21766, 4.93127], [-74.21774, 4.93127], [-74.21783, 4.93128], [-74.21791, 4.9313], [-74.21796, 4.93133], [-74.21806, 4.93139], [-74.21825, 4.93155], [-74.21843, 4.93169], [-74.21861, 4.93182], [-74.21879, 4.93195], [-74.21893, 4.93204], [-74.21903, 4.9321], [-74.21913, 4.93213], [-74.2192, 4.93215], [-74.21928, 4.93215], [-74.21936, 4.93215], [-74.21943, 4.93215], [-74.21949, 4.93214], [-74.21953, 4.93213], [-74.21961, 4.93209], [-74.21968, 4.93207], [-74.21976, 4.93206], [-74.21984, 4.93206], [-74.21993, 4.93207], [-74.2201, 4.93214], [-74.22024, 4.93223], [-74.22039, 4.93228], [-74.22044, 4.9323], [-74.22063, 4.93236], [-74.22078, 4.9324], [-74.2209, 4.93244], [-74.221, 4.93247], [-74.22113, 4.93252], [-74.2212, 4.93255], [-74.22128, 4.93261], [-74.22136, 4.93268], [-74.22144, 4.93277], [-74.22152, 4.93288], [-74.22169, 4.93318], [-74.22176, 4.93335], [-74.22187, 4.93367], [-74.22194, 4.93381], [-74.22203, 4.934], [-74.22216, 4.93426], [-74.22225, 4.93443], [-74.2224, 4.93471], [-74.22254, 4.93497], [-74.22267, 4.93518], [-74.22281, 4.93542], [-74.223, 4.93567], [-74.22312, 4.93586], [-74.22328, 4.93609], [-74.22342, 4.93624], [-74.22355, 4.93637], [-74.22362, 4.93642], [-74.22359, 4.93656], [-74.22361, 4.93677], [-74.22364, 4.93695], [-74.22364, 4.93698], [-74.22366, 4.93708], [-74.22371, 4.93727], [-74.22371, 4.93744], [-74.22371, 4.93762], [-74.22371, 4.93775], [-74.22369, 4.93785], [-74.22357, 4.93762], [-74.22223, 4.93711], [-74.22092, 4.9366], [-74.22045, 4.93658], [-74.21991, 4.93657]]]}, "properties": {"nombre": "La Yeguera", "name": "Vereda La Yeguera", "color": "#a8c539", "type": "vereda"}}, {"type": "Feature", "geometry": {"type": "Polygon", "coordinates": [[[-74.15711, 5.04327], [-74.15721, 5.04298], [-74.15723, 5.04272], [-74.15722, 5.04208], [-74.1571, 5.04181], [-74.15685, 5.04134], [-74.15651, 5.04088], [-74.15626, 5.04046], [-74.15611, 5.04021], [-74.15592, 5.03977], [-74.15567, 5.03927], [-74.1556, 5.039], [-74.15546, 5.03867], [-74.15529, 5.03832], [-74.15508, 5.038], [-74.15489, 5.03765], [-74.15464, 5.03714], [-74.15466, 5.03696], [-74.15473, 5.03665], [-74.1548, 5.03623], [-74.15479, 5.03603], [-74.15478, 5.03577], [-74.15481, 5.03537], [-74.15481, 5.03516], [-74.15479, 5.03494], [-74.15467, 5.03476], [-74.1544, 5.03452], [-74.1542, 5.03433], [-74.15396, 5.03412], [-74.15373, 5.03392], [-74.15363, 5.03385], [-74.15338, 5.03369], [-74.15324, 5.03353], [-74.15309, 5.03321], [-74.15305, 5.03303], [-74.15301, 5.03257], [-74.15298, 5.0324], [-74.15293, 5.03211], [-74.15292, 5.03181], [-74.15292, 5.03168], [-74.153, 5.03142], [-74.15315, 5.03104], [-74.15319, 5.03083], [-74.1532, 5.03053], [-74.15322, 5.03026], [-74.15329, 5.03006], [-74.15341, 5.0299], [-74.15348, 5.02981], [-74.15348, 5.02956], [-74.15329, 5.02917], [-74.15315, 5.02896], [-74.15318, 5.02877], [-74.15319, 5.0286], [-74.15313, 5.02854], [-74.153, 5.02845], [-74.15293, 5.02843], [-74.15293, 5.02828], [-74.15291, 5.02809], [-74.15283, 5.028], [-74.15273, 5.02785], [-74.15265, 5.02768], [-74.15258, 5.02749], [-74.15263, 5.02728], [-74.15284, 5.027], [-74.15301, 5.02671], [-74.15304, 5.02653], [-74.153, 5.02626], [-74.15292, 5.02599], [-74.15284, 5.02589], [-74.15273, 5.02568], [-74.15261, 5.0256], [-74.15237, 5.02555], [-74.15219, 5.02547], [-74.15211, 5.0254], [-74.15204, 5.02528], [-74.15208, 5.02506], [-74.15216, 5.02493], [-74.15223, 5.02479], [-74.15216, 5.02465], [-74.15203, 5.02451], [-74.15176, 5.02432], [-74.15157, 5.02412], [-74.15137, 5.02376], [-74.15137, 5.02362], [-74.15141, 5.02341], [-74.15136, 5.02317], [-74.15121, 5.02304], [-74.15091, 5.02285], [-74.15083, 5.02274], [-74.15085, 5.02212], [-74.15087, 5.02187], [-74.15063, 5.02159], [-74.1505, 5.02141], [-74.15029, 5.0211], [-74.15024, 5.02101], [-74.15022, 5.02094], [-74.15019, 5.02071], [-74.15025, 5.02034], [-74.15012, 5.02001], [-74.15003, 5.01991], [-74.15016, 5.01979], [-74.15043, 5.01964], [-74.1507, 5.01953], [-74.15088, 5.01949], [-74.15128, 5.01954], [-74.15137, 5.01954], [-74.15161, 5.01961], [-74.15192, 5.01959], [-74.15219, 5.01954], [-74.1524, 5.01949], [-74.15266, 5.01915], [-74.1528, 5.01897], [-74.15288, 5.01879], [-74.15287, 5.01857], [-74.15281, 5.01845], [-74.15267, 5.01827], [-74.15254, 5.01793], [-74.15244, 5.01767], [-74.15228, 5.01753], [-74.152, 5.01743], [-74.15181, 5.01742], [-74.15147, 5.01752], [-74.15114, 5.01755], [-74.15097, 5.01748], [-74.15081, 5.0173], [-74.15067, 5.0171], [-74.15067, 5.01686], [-74.15068, 5.01652], [-74.15076, 5.01624], [-74.1508, 5.01612], [-74.15085, 5.01593], [-74.15076, 5.01556], [-74.1506, 5.01533], [-74.1506, 5.01505], [-74.15064, 5.01453], [-74.15056, 5.0142], [-74.15046, 5.01395], [-74.15093, 5.01407], [-74.15103, 5.01409], [-74.15134, 5.01407], [-74.1516, 5.01406], [-74.15209, 5.01402], [-74.1525, 5.01397], [-74.15259, 5.01396], [-74.15268, 5.01372], [-74.15284, 5.01349], [-74.15295, 5.01335], [-74.15313, 5.01309], [-74.15322, 5.01302], [-74.15345, 5.01281], [-74.15364, 5.01265], [-74.15372, 5.01258], [-74.15378, 5.01235], [-74.15386, 5.01203], [-74.15386, 5.01144], [-74.15386, 5.01129], [-74.15412, 5.01099], [-74.15423, 5.01048], [-74.15434, 5.00997], [-74.15504, 5.01009], [-74.15812, 5.01059], [-74.15988, 5.01087], [-74.1631, 5.00949], [-74.16218, 5.00808], [-74.16201, 5.00764], [-74.16177, 5.00694], [-74.16159, 5.00645], [-74.16129, 5.00579], [-74.16112, 5.00543], [-74.16071, 5.0047], [-74.16032, 5.00402], [-74.15984, 5.00323], [-74.15933, 5.00245], [-74.15899, 5.00104], [-74.15888, 5.00037], [-74.15886, 5.0001], [-74.15876, 4.99965], [-74.1587, 4.99931], [-74.15865, 4.99856], [-74.15861, 4.99791], [-74.15849, 4.99708], [-74.15838, 4.99676], [-74.15828, 4.9965], [-74.1581, 4.99618], [-74.15799, 4.99603], [-74.15762, 4.99604], [-74.1571, 4.9961], [-74.15683, 4.99606], [-74.15679, 4.99558], [-74.15668, 4.99533], [-74.1564, 4.99498], [-74.15607, 4.99472], [-74.15552, 4.9943], [-74.15526, 4.99408], [-74.15525, 4.99382], [-74.15551, 4.99327], [-74.15568, 4.99298], [-74.15593, 4.99257], [-74.15611, 4.99276], [-74.15656, 4.99331], [-74.15675, 4.99382], [-74.15725, 4.99374], [-74.15805, 4.99439], [-74.15894, 4.99469], [-74.1594, 4.9945], [-74.15958, 4.99419], [-74.1595, 4.9938], [-74.15975, 4.99346], [-74.16, 4.99324], [-74.16, 4.99311], [-74.15993, 4.9929], [-74.15956, 4.9929], [-74.1593, 4.99286], [-74.159, 4.99267], [-74.15868, 4.99221], [-74.15839, 4.99182], [-74.15841, 4.9917], [-74.15845, 4.99148], [-74.15862, 4.99154], [-74.15905, 4.99167], [-74.15914, 4.99147], [-74.15913, 4.99104], [-74.15913, 4.9906], [-74.15886, 4.99042], [-74.1587, 4.99031], [-74.15846, 4.99008], [-74.15815, 4.98982], [-74.15792, 4.9894], [-74.15777, 4.98899], [-74.15754, 4.98859], [-74.15731, 4.9882], [-74.15711, 4.98776], [-74.15684, 4.98717], [-74.15724, 4.98677], [-74.15778, 4.98632], [-74.15849, 4.98574], [-74.15901, 4.98527], [-74.15969, 4.98507], [-74.1608, 4.98501], [-74.16164, 4.985], [-74.16245, 4.98507], [-74.1628, 4.98536], [-74.16327, 4.98561], [-74.16367, 4.98571], [-74.16384, 4.98565], [-74.16393, 4.98541], [-74.16409, 4.98532], [-74.16431, 4.98547], [-74.16442, 4.98559], [-74.16479, 4.98562], [-74.16499, 4.98576], [-74.1651, 4.98604], [-74.16547, 4.98645], [-74.16589, 4.98661], [-74.16626, 4.98675], [-74.16673, 4.98709], [-74.16692, 4.98724], [-74.167, 4.98724], [-74.1673, 4.98707], [-74.16738, 4.98699], [-74.168, 4.98737], [-74.16772, 4.98791], [-74.16743, 4.98844], [-74.17022, 4.9901], [-74.17523, 4.99309], [-74.17658, 4.99387], [-74.17752, 4.99393], [-74.17794, 4.99347], [-74.17823, 4.99334], [-74.17905, 4.99334], [-74.17974, 4.9933], [-74.18044, 4.99298], [-74.18087, 4.99253], [-74.18123, 4.99202], [-74.18148, 4.99149], [-74.18167, 4.99112], [-74.18184, 4.99077], [-74.18212, 4.99054], [-74.18245, 4.99045], [-74.18301, 4.99059], [-74.18419, 4.99113], [-74.18596, 4.99196], [-74.18878, 4.99325], [-74.18891, 4.99331], [-74.18887, 4.99349], [-74.18937, 4.99361], [-74.19032, 4.99385], [-74.19063, 4.99396], [-74.18984, 4.99492], [-74.19005, 4.99513], [-74.19093, 4.99603], [-74.19172, 4.99665], [-74.19259, 4.9972], [-74.19288, 4.99722], [-74.19305, 4.99742], [-74.1931, 4.99766], [-74.19254, 4.99842], [-74.192, 4.99897], [-74.19167, 4.9991], [-74.19156, 4.99948], [-74.19149, 4.99984], [-74.19124, 5.0002], [-74.19116, 5.0003], [-74.19126, 5.00066], [-74.19129, 5.00089], [-74.19073, 5.00092], [-74.18935, 5.00103], [-74.18912, 5.0011], [-74.18901, 5.00144], [-74.18864, 5.00256], [-74.18781, 5.00503], [-74.1871, 5.00706], [-74.187, 5.00725], [-74.18564, 5.00804], [-74.18493, 5.00831], [-74.18432, 5.00844], [-74.18483, 5.0087], [-74.18509, 5.00892], [-74.18525, 5.00921], [-74.18522, 5.00952], [-74.18515, 5.0099], [-74.18509, 5.01022], [-74.18499, 5.0108], [-74.18495, 5.01106], [-74.18475, 5.01216], [-74.18461, 5.01295], [-74.18516, 5.01339], [-74.18553, 5.01368], [-74.18503, 5.01411], [-74.18535, 5.01452], [-74.1862, 5.01564], [-74.18724, 5.017], [-74.18751, 5.01731], [-74.1875, 5.01732], [-74.18724, 5.01758], [-74.18697, 5.01771], [-74.18673, 5.01798], [-74.18648, 5.01825], [-74.18614, 5.01834], [-74.18551, 5.01834], [-74.18517, 5.01834], [-74.18473, 5.01842], [-74.18457, 5.01863], [-74.18426, 5.01905], [-74.18372, 5.01931], [-74.18318, 5.01957], [-74.18219, 5.01986], [-74.18115, 5.02023], [-74.18011, 5.02068], [-74.17965, 5.02093], [-74.17897, 5.02152], [-74.17835, 5.02219], [-74.17776, 5.02291], [-74.17758, 5.02324], [-74.17748, 5.02336], [-74.17733, 5.02342], [-74.17716, 5.02341], [-74.17677, 5.02326], [-74.1764, 5.02318], [-74.17611, 5.0232], [-74.17583, 5.0235], [-74.17563, 5.02369], [-74.17529, 5.02396], [-74.17429, 5.02433], [-74.17365, 5.02462], [-74.17311, 5.02492], [-74.17246, 5.02517], [-74.17193, 5.02542], [-74.17172, 5.02549], [-74.17166, 5.02552], [-74.17101, 5.02584], [-74.17085, 5.02592], [-74.1702, 5.0263], [-74.16978, 5.0268], [-74.16964, 5.02745], [-74.16974, 5.02814], [-74.16992, 5.02912], [-74.16999, 5.02942], [-74.16998, 5.02982], [-74.16991, 5.03001], [-74.16983, 5.03013], [-74.16964, 5.03021], [-74.16935, 5.03022], [-74.16902, 5.03014], [-74.16861, 5.03007], [-74.16819, 5.03007], [-74.16761, 5.03019], [-74.16705, 5.0304], [-74.16663, 5.03065], [-74.16633, 5.03096], [-74.16617, 5.03119], [-74.1661, 5.03138], [-74.16612, 5.03159], [-74.16623, 5.03187], [-74.16633, 5.0321], [-74.16635, 5.03237], [-74.16633, 5.0325], [-74.1662, 5.03262], [-74.16598, 5.03271], [-74.16564, 5.03284], [-74.16535, 5.03297], [-74.16517, 5.03312], [-74.1651, 5.03334], [-74.16507, 5.03365], [-74.16506, 5.03389], [-74.16504, 5.034], [-74.16501, 5.03404], [-74.16499, 5.03406], [-74.16484, 5.03408], [-74.16459, 5.03412], [-74.16438, 5.03418], [-74.16423, 5.03424], [-74.16407, 5.03437], [-74.16386, 5.03455], [-74.16365, 5.03468], [-74.16351, 5.03477], [-74.16333, 5.03483], [-74.16308, 5.03493], [-74.16285, 5.03509], [-74.16272, 5.03517], [-74.16262, 5.03519], [-74.16248, 5.03524], [-74.16228, 5.03529], [-74.16218, 5.03533], [-74.1621, 5.03535], [-74.16205, 5.0354], [-74.16198, 5.03547], [-74.1619, 5.03558], [-74.16185, 5.03568], [-74.16179, 5.03583], [-74.16173, 5.03597], [-74.16167, 5.03614], [-74.16165, 5.0362], [-74.16164, 5.03622], [-74.16158, 5.03627], [-74.16144, 5.03638], [-74.16131, 5.03649], [-74.16126, 5.03654], [-74.16126, 5.0366], [-74.16124, 5.0368], [-74.16121, 5.03703], [-74.16117, 5.03729], [-74.16113, 5.03745], [-74.1611, 5.03752], [-74.16106, 5.03756], [-74.16099, 5.03758], [-74.16094, 5.03761], [-74.16067, 5.03777], [-74.16049, 5.03797], [-74.16027, 5.0383], [-74.16005, 5.03878], [-74.1599, 5.03935], [-74.15979, 5.03993], [-74.15971, 5.04038], [-74.15962, 5.04069], [-74.15946, 5.0411], [-74.1593, 5.0413], [-74.15921, 5.04149], [-74.15919, 5.04163], [-74.15926, 5.0418], [-74.15931, 5.04192], [-74.1593, 5.04204], [-74.15923, 5.04219], [-74.15907, 5.04234], [-74.15888, 5.04249], [-74.15869, 5.04258], [-74.15847, 5.0427], [-74.15817, 5.04299], [-74.15784, 5.04337], [-74.15771, 5.0436], [-74.15768, 5.04374], [-74.15746, 5.04354], [-74.15724, 5.04333], [-74.15711, 5.04327]]]}, "properties": {"nombre": "Pantano De Arce", "name": "Vereda Pantano De Arce", "color": "#397fc5", "type": "vereda"}}, {"type": "Feature", "geometry": {"type": "Polygon", "coordinates": [[[-74.10384, 5.0038], [-74.10395, 5.00366], [-74.10402, 5.00358], [-74.10414, 5.00349], [-74.10427, 5.00338], [-74.10434, 5.00327], [-74.10445, 5.00299], [-74.1045, 5.00273], [-74.10456, 5.00238], [-74.10461, 5.00198], [-74.10462, 5.00175], [-74.10467, 5.00161], [-74.10472, 5.00144], [-74.10479, 5.0013], [-74.10487, 5.00115], [-74.10497, 5.001], [-74.10515, 5.00077], [-74.10524, 5.00065], [-74.10532, 5.00053], [-74.10537, 5.0004], [-74.10538, 5.0003], [-74.1054, 5.0001], [-74.1054, 4.99947], [-74.10544, 4.99871], [-74.10551, 4.99816], [-74.10552, 4.99763], [-74.10555, 4.99728], [-74.10558, 4.99712], [-74.1056, 4.99702], [-74.10567, 4.99682], [-74.10573, 4.99664], [-74.10576, 4.99648], [-74.10571, 4.99637], [-74.1056, 4.99626], [-74.10538, 4.99595], [-74.10524, 4.99577], [-74.10516, 4.99566], [-74.10513, 4.9956], [-74.10512, 4.99556], [-74.10512, 4.99548], [-74.10513, 4.99544], [-74.10513, 4.99531], [-74.10516, 4.99516], [-74.10519, 4.99498], [-74.1052, 4.99484], [-74.1052, 4.99477], [-74.10522, 4.9947], [-74.10525, 4.99465], [-74.10531, 4.99459], [-74.10536, 4.99448], [-74.10536, 4.99446], [-74.1054, 4.99432], [-74.10541, 4.99422], [-74.10541, 4.99409], [-74.10541, 4.99393], [-74.10541, 4.99378], [-74.10541, 4.99369], [-74.1054, 4.99357], [-74.10539, 4.99335], [-74.10539, 4.9932], [-74.10539, 4.99309], [-74.10539, 4.99299], [-74.10541, 4.99287], [-74.10543, 4.99277], [-74.10544, 4.99267], [-74.10545, 4.99257], [-74.10545, 4.9925], [-74.10546, 4.99237], [-74.10546, 4.99226], [-74.10546, 4.9922], [-74.10548, 4.99213], [-74.10549, 4.99203], [-74.10551, 4.99193], [-74.10554, 4.99184], [-74.10558, 4.99172], [-74.10561, 4.99168], [-74.10565, 4.99163], [-74.10568, 4.99158], [-74.10571, 4.99153], [-74.10573, 4.99143], [-74.10573, 4.99123], [-74.10573, 4.99115], [-74.10573, 4.99113], [-74.10568, 4.9911], [-74.1056, 4.99109], [-74.10554, 4.99107], [-74.1055, 4.99103], [-74.10546, 4.99096], [-74.10546, 4.99087], [-74.10544, 4.99067], [-74.10542, 4.99055], [-74.10536, 4.99038], [-74.1053, 4.99025], [-74.10525, 4.99014], [-74.10521, 4.99004], [-74.10517, 4.98993], [-74.10514, 4.98984], [-74.1051, 4.98974], [-74.10507, 4.98965], [-74.10505, 4.98955], [-74.10505, 4.98944], [-74.10505, 4.98937], [-74.10505, 4.9893], [-74.10507, 4.98922], [-74.10509, 4.98914], [-74.10512, 4.98908], [-74.10516, 4.98901], [-74.10517, 4.98893], [-74.10519, 4.98885], [-74.1052, 4.98877], [-74.1052, 4.98868], [-74.1052, 4.98859], [-74.1052, 4.98849], [-74.1052, 4.98843], [-74.1052, 4.98836], [-74.10518, 4.9883], [-74.10517, 4.98826], [-74.10515, 4.9882], [-74.10513, 4.98813], [-74.1051, 4.98805], [-74.10509, 4.988], [-74.10511, 4.98796], [-74.10515, 4.98791], [-74.1052, 4.98786], [-74.10528, 4.98781], [-74.10534, 4.98779], [-74.10541, 4.98776], [-74.10556, 4.98771], [-74.10571, 4.98764], [-74.10582, 4.98757], [-74.10596, 4.98746], [-74.10603, 4.98733], [-74.10609, 4.98719], [-74.10613, 4.98708], [-74.10618, 4.98699], [-74.10623, 4.98686], [-74.10629, 4.98676], [-74.10632, 4.98662], [-74.10635, 4.98654], [-74.10637, 4.98647], [-74.10639, 4.98638], [-74.10643, 4.98631], [-74.10647, 4.98625], [-74.10653, 4.98617], [-74.10659, 4.98611], [-74.10665, 4.98608], [-74.10671, 4.98605], [-74.10679, 4.98599], [-74.10685, 4.98593], [-74.1069, 4.98586], [-74.10693, 4.98577], [-74.10693, 4.98569], [-74.10692, 4.9856], [-74.1069, 4.98545], [-74.10689, 4.98532], [-74.10687, 4.98524], [-74.10684, 4.98516], [-74.1068, 4.98511], [-74.10674, 4.98504], [-74.10669, 4.98498], [-74.10667, 4.98489], [-74.10666, 4.98479], [-74.10665, 4.98464], [-74.10665, 4.98456], [-74.10665, 4.98441], [-74.10664, 4.98433], [-74.10663, 4.98427], [-74.10661, 4.98418], [-74.1066, 4.9841], [-74.1066, 4.98402], [-74.1066, 4.98388], [-74.1066, 4.98376], [-74.1066, 4.98363], [-74.10663, 4.9835], [-74.10667, 4.98332], [-74.10672, 4.98321], [-74.10681, 4.98303], [-74.10688, 4.98291], [-74.10693, 4.98278], [-74.10697, 4.98263], [-74.10698, 4.98254], [-74.10698, 4.98244], [-74.10698, 4.98232], [-74.10698, 4.98221], [-74.10696, 4.98209], [-74.10696, 4.98201], [-74.10695, 4.98196], [-74.10695, 4.98189], [-74.10697, 4.98181], [-74.10702, 4.98174], [-74.10709, 4.98165], [-74.10724, 4.98151], [-74.10731, 4.98142], [-74.10735, 4.98136], [-74.10738, 4.98126], [-74.10742, 4.98114], [-74.10746, 4.98103], [-74.10749, 4.98096], [-74.10753, 4.98089], [-74.10756, 4.98082], [-74.10761, 4.98074], [-74.10764, 4.98065], [-74.10768, 4.98056], [-74.10775, 4.9804], [-74.10779, 4.98031], [-74.1078, 4.9803], [-74.10784, 4.9802], [-74.10785, 4.98012], [-74.10786, 4.98004], [-74.10785, 4.97997], [-74.10783, 4.97987], [-74.10782, 4.97979], [-74.10782, 4.97968], [-74.10782, 4.97957], [-74.10782, 4.97942], [-74.10782, 4.97935], [-74.10782, 4.97924], [-74.10781, 4.97915], [-74.10778, 4.97903], [-74.10777, 4.9789], [-74.10776, 4.9787], [-74.10776, 4.97853], [-74.10778, 4.97837], [-74.10784, 4.97807], [-74.10788, 4.97786], [-74.10793, 4.97775], [-74.10798, 4.97761], [-74.10805, 4.97744], [-74.10812, 4.97731], [-74.1082, 4.97716], [-74.10828, 4.97704], [-74.10838, 4.97687], [-74.10845, 4.97673], [-74.10858, 4.97653], [-74.1087, 4.97638], [-74.10886, 4.97617], [-74.10897, 4.976], [-74.10912, 4.9758], [-74.1093, 4.97561], [-74.10939, 4.97551], [-74.10942, 4.97525], [-74.10938, 4.97511], [-74.10931, 4.97498], [-74.10922, 4.97482], [-74.10912, 4.97465], [-74.109, 4.97435], [-74.10892, 4.97409], [-74.10888, 4.97393], [-74.1088, 4.97378], [-74.10877, 4.97361], [-74.1087, 4.97344], [-74.10865, 4.97324], [-74.10859, 4.97305], [-74.10858, 4.97288], [-74.10859, 4.97275], [-74.10863, 4.97263], [-74.10869, 4.9725], [-74.10872, 4.9724], [-74.10873, 4.97225], [-74.10873, 4.97197], [-74.10873, 4.97187], [-74.10864, 4.97178], [-74.10852, 4.97174], [-74.10836, 4.9717], [-74.10834, 4.97168], [-74.10825, 4.97162], [-74.1081, 4.97152], [-74.10797, 4.97136], [-74.10786, 4.97118], [-74.10774, 4.97096], [-74.1077, 4.9707], [-74.1077, 4.97043], [-74.1077, 4.97016], [-74.1077, 4.96995], [-74.1077, 4.96958], [-74.1077, 4.96947], [-74.10772, 4.96936], [-74.10774, 4.96923], [-74.10777, 4.96917], [-74.10779, 4.96914], [-74.10785, 4.96907], [-74.10795, 4.96902], [-74.10801, 4.969], [-74.10808, 4.96899], [-74.10815, 4.96898], [-74.10821, 4.96898], [-74.10828, 4.96895], [-74.10831, 4.96893], [-74.1084, 4.96887], [-74.10849, 4.96879], [-74.10855, 4.96873], [-74.10864, 4.96866], [-74.10875, 4.9686], [-74.10885, 4.96858], [-74.10902, 4.96857], [-74.1091, 4.96854], [-74.10912, 4.96853], [-74.10918, 4.96848], [-74.10922, 4.96842], [-74.10923, 4.96827], [-74.10926, 4.96807], [-74.10929, 4.96792], [-74.10934, 4.96773], [-74.10938, 4.96751], [-74.1094, 4.96717], [-74.10945, 4.96687], [-74.10946, 4.96673], [-74.10946, 4.96664], [-74.10943, 4.96653], [-74.10936, 4.96632], [-74.10926, 4.96608], [-74.10913, 4.96582], [-74.10912, 4.96581], [-74.10895, 4.96564], [-74.10882, 4.96551], [-74.10869, 4.96538], [-74.10861, 4.96528], [-74.10853, 4.96516], [-74.10845, 4.965], [-74.10836, 4.96477], [-74.10828, 4.96455], [-74.10824, 4.96444], [-74.10824, 4.96432], [-74.10823, 4.96421], [-74.10824, 4.96403], [-74.10828, 4.96386], [-74.1083, 4.96381], [-74.1084, 4.9636], [-74.10851, 4.96348], [-74.10869, 4.9633], [-74.10879, 4.9632], [-74.10886, 4.96312], [-74.10895, 4.963], [-74.109, 4.96286], [-74.109, 4.96274], [-74.10902, 4.96253], [-74.10898, 4.96233], [-74.10896, 4.96224], [-74.10894, 4.96215], [-74.10891, 4.96205], [-74.10889, 4.96196], [-74.10888, 4.96187], [-74.10888, 4.96181], [-74.10888, 4.96176], [-74.10895, 4.96164], [-74.10913, 4.96145], [-74.10925, 4.96126], [-74.1094, 4.96101], [-74.10947, 4.96092], [-74.10974, 4.96115], [-74.10975, 4.96116], [-74.11024, 4.96154], [-74.11064, 4.96195], [-74.11094, 4.96227], [-74.11132, 4.96286], [-74.11181, 4.96326], [-74.11238, 4.96357], [-74.1126, 4.9637], [-74.11285, 4.96377], [-74.11301, 4.9638], [-74.11332, 4.96375], [-74.11352, 4.96371], [-74.11391, 4.96378], [-74.11411, 4.96376], [-74.11444, 4.96367], [-74.11476, 4.9636], [-74.115, 4.96368], [-74.11539, 4.96384], [-74.11571, 4.96402], [-74.11588, 4.96411], [-74.11633, 4.96412], [-74.11667, 4.96411], [-74.11721, 4.96407], [-74.11741, 4.96404], [-74.11773, 4.96399], [-74.11797, 4.96401], [-74.11849, 4.96412], [-74.11884, 4.96415], [-74.11905, 4.96416], [-74.11918, 4.96429], [-74.11951, 4.96444], [-74.11979, 4.96445], [-74.12002, 4.96441], [-74.12161, 4.96459], [-74.12209, 4.96458], [-74.12266, 4.96441], [-74.12316, 4.96414], [-74.12356, 4.96407], [-74.12403, 4.96381], [-74.12416, 4.96377], [-74.12438, 4.9638], [-74.12442, 4.96381], [-74.12474, 4.96396], [-74.12523, 4.96405], [-74.12562, 4.96411], [-74.1261, 4.96427], [-74.12643, 4.96448], [-74.12678, 4.96452], [-74.12701, 4.96468], [-74.12729, 4.96477], [-74.12767, 4.96498], [-74.12781, 4.96506], [-74.1281, 4.96538], [-74.12834, 4.96556], [-74.12874, 4.96566], [-74.12931, 4.96595], [-74.1295, 4.96606], [-74.12973, 4.96611], [-74.12988, 4.96604], [-74.13002, 4.96611], [-74.13025, 4.96633], [-74.13033, 4.96641], [-74.13065, 4.96659], [-74.13109, 4.96672], [-74.13153, 4.96685], [-74.13189, 4.96689], [-74.13216, 4.96691], [-74.13248, 4.9672], [-74.13286, 4.96738], [-74.13433, 4.96825], [-74.13448, 4.96844], [-74.1346, 4.96866], [-74.13496, 4.96887], [-74.13526, 4.96886], [-74.13572, 4.96881], [-74.13593, 4.96882], [-74.13631, 4.96891], [-74.13668, 4.96908], [-74.13682, 4.96938], [-74.13688, 4.96967], [-74.13703, 4.97022], [-74.13709, 4.97034], [-74.13761, 4.97097], [-74.13819, 4.97167], [-74.13866, 4.97201], [-74.13888, 4.97232], [-74.13863, 4.97303], [-74.13836, 4.97382], [-74.13825, 4.97456], [-74.13813, 4.97514], [-74.13818, 4.97531], [-74.13847, 4.97538], [-74.13934, 4.97548], [-74.1397, 4.97555], [-74.14028, 4.97568], [-74.14067, 4.97609], [-74.14084, 4.97631], [-74.14092, 4.97644], [-74.14096, 4.97654], [-74.14085, 4.97671], [-74.14078, 4.97687], [-74.14079, 4.97708], [-74.14079, 4.97741], [-74.14073, 4.97759], [-74.14066, 4.97783], [-74.14054, 4.97803], [-74.14041, 4.97815], [-74.14026, 4.97835], [-74.14023, 4.97847], [-74.1402, 4.97858], [-74.14007, 4.97869], [-74.13995, 4.97878], [-74.13992, 4.97893], [-74.13997, 4.97907], [-74.14006, 4.97931], [-74.14006, 4.97945], [-74.14006, 4.97966], [-74.14007, 4.9799], [-74.14014, 4.9802], [-74.14022, 4.98043], [-74.14047, 4.98067], [-74.14045, 4.98066], [-74.14033, 4.9808], [-74.14006, 4.98144], [-74.13963, 4.98156], [-74.13905, 4.98139], [-74.13894, 4.98133], [-74.13865, 4.98119], [-74.13865, 4.98133], [-74.13862, 4.98156], [-74.13864, 4.98188], [-74.13872, 4.98219], [-74.13886, 4.98263], [-74.13907, 4.98283], [-74.13929, 4.98305], [-74.13968, 4.98378], [-74.13961, 4.98458], [-74.13956, 4.98488], [-74.13943, 4.9854], [-74.13917, 4.98548], [-74.13881, 4.98556], [-74.13858, 4.98566], [-74.13858, 4.98587], [-74.13871, 4.98624], [-74.13857, 4.98641], [-74.13861, 4.98662], [-74.13876, 4.98747], [-74.13821, 4.98773], [-74.13823, 4.98825], [-74.13818, 4.98867], [-74.13777, 4.9897], [-74.1378, 4.98999], [-74.13794, 4.9902], [-74.13806, 4.99018], [-74.13819, 4.99022], [-74.13832, 4.99068], [-74.1381, 4.99134], [-74.13777, 4.9917], [-74.13728, 4.99219], [-74.13664, 4.99261], [-74.13639, 4.99257], [-74.13594, 4.99229], [-74.13565, 4.99239], [-74.13521, 4.99264], [-74.13472, 4.9932], [-74.13428, 4.9933], [-74.13418, 4.99311], [-74.13412, 4.99287], [-74.13442, 4.9926], [-74.1343, 4.9925], [-74.13403, 4.99235], [-74.13378, 4.99227], [-74.13342, 4.99241], [-74.13295, 4.99245], [-74.13278, 4.99253], [-74.13235, 4.99336], [-74.13221, 4.99381], [-74.1324, 4.99457], [-74.13252, 4.99514], [-74.13245, 4.99565], [-74.13217, 4.99631], [-74.13215, 4.99704], [-74.13216, 4.99742], [-74.13207, 4.99785], [-74.13232, 4.99791], [-74.1329, 4.99813], [-74.13292, 4.99836], [-74.1329, 4.99859], [-74.13266, 4.99885], [-74.13241, 4.99918], [-74.13209, 4.99938], [-74.13167, 4.99967], [-74.13151, 4.99984], [-74.13161, 5.0001], [-74.13178, 5.00017], [-74.13214, 5.0004], [-74.13162, 5.00039], [-74.13157, 5.00038], [-74.13154, 5.0004], [-74.13154, 5.00041], [-74.13153, 5.00041], [-74.13154, 5.00042], [-74.13154, 5.00043], [-74.13155, 5.00043], [-74.13159, 5.00045], [-74.13162, 5.00045], [-74.13167, 5.00046], [-74.13171, 5.00047], [-74.13176, 5.00048], [-74.13179, 5.00049], [-74.13184, 5.00051], [-74.13189, 5.00053], [-74.13194, 5.00055], [-74.13198, 5.00057], [-74.13202, 5.00058], [-74.13208, 5.00061], [-74.13211, 5.00063], [-74.13214, 5.00064], [-74.13216, 5.00066], [-74.13218, 5.00068], [-74.13221, 5.0007], [-74.13223, 5.00072], [-74.13225, 5.00075], [-74.13227, 5.00077], [-74.13228, 5.00078], [-74.1323, 5.0008], [-74.13231, 5.00082], [-74.13232, 5.00084], [-74.13233, 5.00087], [-74.13233, 5.00088], [-74.13232, 5.0009], [-74.13232, 5.00092], [-74.1323, 5.00094], [-74.13229, 5.00096], [-74.13227, 5.00098], [-74.13225, 5.00101], [-74.13223, 5.00103], [-74.13221, 5.00105], [-74.1322, 5.00107], [-74.13218, 5.00108], [-74.13216, 5.0011], [-74.13214, 5.00112], [-74.13212, 5.00114], [-74.1321, 5.00115], [-74.13208, 5.00117], [-74.13207, 5.00118], [-74.13204, 5.00121], [-74.13199, 5.00125], [-74.1319, 5.00134], [-74.1319, 5.00135], [-74.13189, 5.00136], [-74.13188, 5.00137], [-74.13188, 5.00139], [-74.13188, 5.0014], [-74.13188, 5.00141], [-74.13188, 5.00142], [-74.13188, 5.00143], [-74.13188, 5.00144], [-74.13188, 5.00145], [-74.13188, 5.00146], [-74.13188, 5.00147], [-74.13188, 5.00148], [-74.13188, 5.00148], [-74.13188, 5.00149], [-74.13187, 5.0015], [-74.13185, 5.00151], [-74.13185, 5.00151], [-74.13151, 5.00142], [-74.13138, 5.00156], [-74.13134, 5.0016], [-74.13133, 5.0016], [-74.13133, 5.0016], [-74.13132, 5.0016], [-74.13108, 5.00155], [-74.13096, 5.00229], [-74.13074, 5.00217], [-74.1305, 5.0021], [-74.13015, 5.0023], [-74.13004, 5.00241], [-74.12996, 5.00277], [-74.13, 5.00294], [-74.1301, 5.00305], [-74.13014, 5.00334], [-74.13007, 5.00329], [-74.12962, 5.00322], [-74.12928, 5.00309], [-74.12904, 5.00289], [-74.12869, 5.00275], [-74.12841, 5.00269], [-74.12804, 5.00268], [-74.12762, 5.00271], [-74.12723, 5.00273], [-74.12709, 5.00275], [-74.12697, 5.00296], [-74.12695, 5.00319], [-74.12661, 5.00362], [-74.12638, 5.00389], [-74.12595, 5.00369], [-74.12513, 5.00329], [-74.1247, 5.00314], [-74.12418, 5.00299], [-74.12352, 5.00284], [-74.12336, 5.00283], [-74.12275, 5.00288], [-74.12199, 5.00287], [-74.12115, 5.00291], [-74.12048, 5.00297], [-74.11967, 5.00299], [-74.1188, 5.00304], [-74.11805, 5.00308], [-74.11737, 5.00313], [-74.11653, 5.00314], [-74.11582, 5.00317], [-74.11548, 5.00317], [-74.11477, 5.00314], [-74.11396, 5.00314], [-74.11327, 5.00328], [-74.11222, 5.00345], [-74.11166, 5.00351], [-74.11139, 5.00352], [-74.11102, 5.00344], [-74.11072, 5.00338], [-74.11041, 5.00343], [-74.11012, 5.0034], [-74.10984, 5.00344], [-74.10967, 5.00343], [-74.10961, 5.00337], [-74.10952, 5.00326], [-74.10923, 5.00338], [-74.10897, 5.00352], [-74.10865, 5.0037], [-74.10835, 5.00379], [-74.1082, 5.00376], [-74.10802, 5.00371], [-74.10777, 5.00376], [-74.10743, 5.00393], [-74.10719, 5.00412], [-74.107, 5.00428], [-74.10675, 5.00441], [-74.10647, 5.00447], [-74.10607, 5.00458], [-74.10597, 5.00461], [-74.10345, 5.00528], [-74.10345, 5.00516], [-74.10345, 5.00504], [-74.10346, 5.00494], [-74.10353, 5.00485], [-74.10357, 5.00471], [-74.10358, 5.00459], [-74.10361, 5.00444], [-74.10363, 5.00431], [-74.10368, 5.00414], [-74.10375, 5.00395], [-74.10384, 5.0038]]]}, "properties": {"nombre": "Rincon Santo", "name": "Vereda Rincon Santo", "color": "#c53956", "type": "vereda"}}, {"type": "Feature", "geometry": {"type": "Polygon", "coordinates": [[[-74.13888, 4.97232], [-74.13866, 4.97201], [-74.13819, 4.97167], [-74.13761, 4.97097], [-74.13709, 4.97034], [-74.13703, 4.97022], [-74.13688, 4.96967], [-74.13682, 4.96938], [-74.13668, 4.96908], [-74.13631, 4.96891], [-74.13593, 4.96882], [-74.13572, 4.96881], [-74.13526, 4.96886], [-74.13496, 4.96887], [-74.1346, 4.96866], [-74.13448, 4.96844], [-74.13433, 4.96825], [-74.13286, 4.96738], [-74.13248, 4.9672], [-74.13216, 4.96691], [-74.13189, 4.96689], [-74.13153, 4.96685], [-74.13109, 4.96672], [-74.13065, 4.96659], [-74.13033, 4.96641], [-74.13025, 4.96633], [-74.13002, 4.96611], [-74.12988, 4.96604], [-74.12973, 4.96611], [-74.1295, 4.96606], [-74.12931, 4.96595], [-74.12874, 4.96566], [-74.12834, 4.96556], [-74.1281, 4.96538], [-74.12781, 4.96506], [-74.12767, 4.96498], [-74.12729, 4.96477], [-74.12701, 4.96468], [-74.12678, 4.96452], [-74.12643, 4.96448], [-74.1261, 4.96427], [-74.12562, 4.96411], [-74.12523, 4.96405], [-74.12474, 4.96396], [-74.12442, 4.96381], [-74.12438, 4.9638], [-74.12416, 4.96377], [-74.12403, 4.96381], [-74.12356, 4.96407], [-74.12316, 4.96414], [-74.12266, 4.96441], [-74.12209, 4.96458], [-74.12161, 4.96459], [-74.12002, 4.96441], [-74.11979, 4.96445], [-74.11951, 4.96444], [-74.11918, 4.96429], [-74.11905, 4.96416], [-74.1188, 4.96353], [-74.11834, 4.96263], [-74.11803, 4.96213], [-74.11794, 4.96174], [-74.11786, 4.96113], [-74.11793, 4.96005], [-74.11803, 4.95974], [-74.11852, 4.95879], [-74.11896, 4.95836], [-74.1194, 4.95792], [-74.1173, 4.95718], [-74.11689, 4.95703], [-74.117, 4.95541], [-74.11795, 4.95461], [-74.11965, 4.95424], [-74.12021, 4.95431], [-74.12085, 4.95439], [-74.12149, 4.95438], [-74.12175, 4.95431], [-74.12185, 4.95365], [-74.12403, 4.95329], [-74.12627, 4.95292], [-74.12663, 4.95236], [-74.12881, 4.9521], [-74.12967, 4.95201], [-74.12996, 4.952], [-74.13035, 4.95205], [-74.13067, 4.95218], [-74.13135, 4.95273], [-74.13153, 4.9528], [-74.13167, 4.95303], [-74.13246, 4.9535], [-74.13308, 4.95374], [-74.13373, 4.95393], [-74.1341, 4.95414], [-74.13462, 4.95426], [-74.13548, 4.95437], [-74.13586, 4.95435], [-74.13673, 4.95428], [-74.13732, 4.95431], [-74.13769, 4.95416], [-74.13825, 4.95399], [-74.13887, 4.95362], [-74.13967, 4.9532], [-74.141, 4.95229], [-74.14335, 4.95252], [-74.14353, 4.95267], [-74.1437, 4.9528], [-74.14388, 4.95283], [-74.1441, 4.95273], [-74.14421, 4.95277], [-74.14438, 4.95277], [-74.14446, 4.95281], [-74.1446, 4.95299], [-74.14472, 4.95319], [-74.14464, 4.95358], [-74.14457, 4.95382], [-74.1444, 4.95395], [-74.14409, 4.95413], [-74.14396, 4.95425], [-74.14384, 4.95452], [-74.144, 4.95507], [-74.14406, 4.95523], [-74.14417, 4.95555], [-74.14416, 4.9559], [-74.14423, 4.95638], [-74.14421, 4.95677], [-74.14405, 4.95704], [-74.14387, 4.95731], [-74.144, 4.95744], [-74.14422, 4.95753], [-74.14431, 4.95763], [-74.14426, 4.95782], [-74.14413, 4.95791], [-74.14382, 4.95776], [-74.14365, 4.95761], [-74.14358, 4.95756], [-74.14336, 4.95769], [-74.14318, 4.95783], [-74.14305, 4.95797], [-74.143, 4.9582], [-74.14304, 4.95828], [-74.14315, 4.95837], [-74.14333, 4.95839], [-74.14335, 4.95828], [-74.1433, 4.95816], [-74.14333, 4.95805], [-74.14335, 4.95803], [-74.14351, 4.958], [-74.14378, 4.95819], [-74.14401, 4.95839], [-74.14411, 4.95876], [-74.14413, 4.95897], [-74.14394, 4.95935], [-74.14332, 4.95969], [-74.14321, 4.9599], [-74.14319, 4.9601], [-74.14354, 4.96063], [-74.14387, 4.96109], [-74.14397, 4.96139], [-74.14401, 4.9616], [-74.14416, 4.96192], [-74.14431, 4.96205], [-74.14433, 4.96229], [-74.14436, 4.96255], [-74.14452, 4.9626], [-74.14472, 4.96265], [-74.14473, 4.96277], [-74.14463, 4.96286], [-74.14445, 4.96314], [-74.14446, 4.96325], [-74.14446, 4.96329], [-74.14466, 4.96326], [-74.14484, 4.96321], [-74.14502, 4.96321], [-74.14521, 4.96345], [-74.14533, 4.96363], [-74.14541, 4.96383], [-74.14545, 4.96398], [-74.14564, 4.96411], [-74.14558, 4.96419], [-74.14539, 4.96422], [-74.14525, 4.96437], [-74.14515, 4.96438], [-74.14506, 4.96436], [-74.14466, 4.96466], [-74.14454, 4.96479], [-74.14437, 4.96494], [-74.14423, 4.96515], [-74.14424, 4.96532], [-74.14431, 4.96557], [-74.14414, 4.96601], [-74.14407, 4.96617], [-74.144, 4.96642], [-74.14397, 4.96683], [-74.14393, 4.96713], [-74.14393, 4.96737], [-74.14405, 4.96767], [-74.14421, 4.96779], [-74.14422, 4.96792], [-74.14412, 4.96812], [-74.14385, 4.96839], [-74.14368, 4.96841], [-74.14338, 4.96845], [-74.14323, 4.96836], [-74.14312, 4.96822], [-74.14301, 4.96799], [-74.14272, 4.96771], [-74.14236, 4.96747], [-74.14214, 4.96743], [-74.14205, 4.96742], [-74.14184, 4.96747], [-74.14152, 4.96785], [-74.14106, 4.9685], [-74.14065, 4.96906], [-74.1403, 4.96961], [-74.14009, 4.97025], [-74.13988, 4.97065], [-74.13975, 4.97132], [-74.13956, 4.97227], [-74.1395, 4.97244], [-74.13921, 4.97235], [-74.1389, 4.97224], [-74.13888, 4.97232]]]}, "properties": {"nombre": "Santa Rosa", "name": "Vereda Santa Rosa", "color": "#39c545", "type": "vereda"}}, {"type": "Feature", "geometry": {"type": "Polygon", "coordinates": [[[-74.17481, 4.91229], [-74.17376, 4.91136], [-74.17312, 4.91079], [-74.17216, 4.90957], [-74.1714, 4.90973], [-74.16915, 4.91035], [-74.16754, 4.90899], [-74.16657, 4.90829], [-74.16578, 4.90772], [-74.16499, 4.90696], [-74.16449, 4.90634], [-74.16417, 4.90605], [-74.16343, 4.9055], [-74.1628, 4.90494], [-74.16284, 4.90438], [-74.16282, 4.90405], [-74.16239, 4.90365], [-74.1628, 4.90322], [-74.163, 4.90273], [-74.16295, 4.90244], [-74.16282, 4.90225], [-74.16234, 4.90147], [-74.16242, 4.90083], [-74.16246, 4.90056], [-74.16243, 4.90018], [-74.16217, 4.89972], [-74.16185, 4.89899], [-74.16167, 4.89866], [-74.16163, 4.89779], [-74.16159, 4.89721], [-74.16152, 4.89697], [-74.1613, 4.89661], [-74.16106, 4.8964], [-74.1607, 4.89617], [-74.16045, 4.89599], [-74.16009, 4.89569], [-74.15983, 4.89541], [-74.15969, 4.89521], [-74.15961, 4.89494], [-74.15962, 4.89435], [-74.15964, 4.89365], [-74.15966, 4.89271], [-74.15967, 4.89196], [-74.1592, 4.89143], [-74.15863, 4.89078], [-74.15795, 4.89002], [-74.15732, 4.88931], [-74.15615, 4.88808], [-74.1558, 4.88753], [-74.15584, 4.88746], [-74.15593, 4.88721], [-74.15609, 4.88696], [-74.15642, 4.88665], [-74.15662, 4.88646], [-74.15694, 4.88624], [-74.15721, 4.8861], [-74.15755, 4.88601], [-74.15791, 4.88593], [-74.15855, 4.88571], [-74.15885, 4.88561], [-74.15904, 4.88554], [-74.15927, 4.88541], [-74.15942, 4.88527], [-74.15958, 4.88509], [-74.15974, 4.88479], [-74.15991, 4.88448], [-74.16003, 4.88433], [-74.16012, 4.88425], [-74.16023, 4.88415], [-74.16039, 4.88412], [-74.1606, 4.88411], [-74.1609, 4.8841], [-74.16109, 4.8841], [-74.16127, 4.8841], [-74.16154, 4.8841], [-74.16171, 4.88408], [-74.1619, 4.88408], [-74.16217, 4.88398], [-74.16243, 4.88384], [-74.16261, 4.88368], [-74.16274, 4.8835], [-74.16287, 4.88327], [-74.16301, 4.88306], [-74.16315, 4.88282], [-74.16326, 4.88259], [-74.16336, 4.88238], [-74.16342, 4.88218], [-74.16346, 4.88202], [-74.16349, 4.88182], [-74.16359, 4.88168], [-74.16382, 4.88162], [-74.16409, 4.88156], [-74.16449, 4.88144], [-74.16469, 4.88136], [-74.16488, 4.88116], [-74.16505, 4.88098], [-74.16508, 4.8809], [-74.16517, 4.88066], [-74.16529, 4.88035], [-74.16539, 4.88009], [-74.1655, 4.87982], [-74.16564, 4.87945], [-74.16581, 4.879], [-74.16596, 4.87863], [-74.16601, 4.87834], [-74.16605, 4.87812], [-74.16612, 4.87773], [-74.1662, 4.87728], [-74.16628, 4.87686], [-74.16635, 4.87645], [-74.1664, 4.87618], [-74.16648, 4.87577], [-74.16669, 4.87538], [-74.16686, 4.87509], [-74.16711, 4.87464], [-74.16736, 4.8742], [-74.16753, 4.87367], [-74.16765, 4.87331], [-74.16801, 4.87278], [-74.16802, 4.87276], [-74.16827, 4.8724], [-74.16842, 4.8721], [-74.16861, 4.87182], [-74.16891, 4.8714], [-74.16911, 4.87109], [-74.16949, 4.87077], [-74.16989, 4.87059], [-74.17017, 4.87045], [-74.17052, 4.87028], [-74.17078, 4.87018], [-74.17098, 4.87011], [-74.17137, 4.87001], [-74.1717, 4.86997], [-74.17181, 4.86996], [-74.17214, 4.86993], [-74.17257, 4.86991], [-74.17308, 4.86979], [-74.17342, 4.86954], [-74.1737, 4.86939], [-74.17385, 4.86922], [-74.17398, 4.86909], [-74.17416, 4.869], [-74.17441, 4.86888], [-74.17473, 4.86873], [-74.17498, 4.86855], [-74.17516, 4.8683], [-74.17531, 4.86802], [-74.1755, 4.86774], [-74.17564, 4.86748], [-74.17576, 4.8672], [-74.17598, 4.86692], [-74.17631, 4.86669], [-74.1766, 4.86655], [-74.17692, 4.86644], [-74.17727, 4.86632], [-74.1775, 4.86621], [-74.17769, 4.86615], [-74.17783, 4.86603], [-74.17798, 4.86579], [-74.1781, 4.8656], [-74.17821, 4.86542], [-74.17826, 4.86535], [-74.1783, 4.86525], [-74.17831, 4.86512], [-74.17825, 4.86484], [-74.17818, 4.86456], [-74.17812, 4.8643], [-74.17811, 4.86411], [-74.1781, 4.8639], [-74.1781, 4.86371], [-74.17813, 4.86341], [-74.17813, 4.86337], [-74.17832, 4.86313], [-74.17854, 4.86287], [-74.17854, 4.86282], [-74.17862, 4.86263], [-74.17864, 4.86249], [-74.17864, 4.86216], [-74.17864, 4.86182], [-74.17864, 4.86155], [-74.17854, 4.86127], [-74.17829, 4.8606], [-74.17827, 4.86057], [-74.17822, 4.8605], [-74.17811, 4.86033], [-74.17787, 4.8599], [-74.17767, 4.85965], [-74.17763, 4.8596], [-74.17761, 4.85956], [-74.17751, 4.85933], [-74.17749, 4.85914], [-74.17749, 4.8589], [-74.17749, 4.8587], [-74.17751, 4.85842], [-74.1776, 4.85784], [-74.1776, 4.85779], [-74.1776, 4.85779], [-74.17762, 4.85779], [-74.17773, 4.85786], [-74.17786, 4.85795], [-74.17809, 4.85811], [-74.17827, 4.85819], [-74.17846, 4.85821], [-74.17861, 4.85825], [-74.17868, 4.85832], [-74.17869, 4.85832], [-74.1787, 4.85841], [-74.17867, 4.85846], [-74.17855, 4.85851], [-74.17837, 4.85855], [-74.17832, 4.85858], [-74.17832, 4.85864], [-74.17839, 4.85868], [-74.17854, 4.85876], [-74.17864, 4.85885], [-74.17869, 4.85897], [-74.17866, 4.85919], [-74.17865, 4.85936], [-74.17872, 4.85942], [-74.17879, 4.8594], [-74.17883, 4.85935], [-74.17896, 4.85923], [-74.17916, 4.85913], [-74.1792, 4.85911], [-74.17925, 4.85908], [-74.17926, 4.85908], [-74.17945, 4.85907], [-74.17953, 4.85907], [-74.17974, 4.85908], [-74.17995, 4.8591], [-74.18016, 4.85908], [-74.18026, 4.85903], [-74.1803, 4.85901], [-74.18045, 4.85889], [-74.18046, 4.85888], [-74.18058, 4.85876], [-74.18062, 4.85873], [-74.18072, 4.85864], [-74.18076, 4.85864], [-74.18096, 4.85861], [-74.18117, 4.85863], [-74.18133, 4.85868], [-74.18145, 4.8587], [-74.18157, 4.85872], [-74.18172, 4.85868], [-74.18187, 4.85854], [-74.18202, 4.85845], [-74.18211, 4.85838], [-74.18226, 4.85836], [-74.18245, 4.85841], [-74.18267, 4.85848], [-74.18294, 4.85854], [-74.18313, 4.85856], [-74.18324, 4.85853], [-74.18327, 4.85845], [-74.18332, 4.85834], [-74.18334, 4.85812], [-74.18336, 4.85785], [-74.18338, 4.85771], [-74.18343, 4.85764], [-74.18347, 4.8576], [-74.18356, 4.85751], [-74.18374, 4.85745], [-74.18394, 4.85746], [-74.18418, 4.85745], [-74.18433, 4.85739], [-74.18444, 4.85732], [-74.18453, 4.85723], [-74.18459, 4.85715], [-74.18462, 4.85709], [-74.18469, 4.85696], [-74.18476, 4.85689], [-74.18484, 4.85678], [-74.18492, 4.85674], [-74.18498, 4.85674], [-74.1851, 4.85676], [-74.18526, 4.85682], [-74.1855, 4.85691], [-74.18567, 4.85699], [-74.18581, 4.85706], [-74.18609, 4.85716], [-74.18628, 4.85716], [-74.18647, 4.85714], [-74.18652, 4.85714], [-74.18664, 4.85714], [-74.18694, 4.85716], [-74.1872, 4.85721], [-74.18747, 4.85729], [-74.18761, 4.85739], [-74.18769, 4.85749], [-74.18778, 4.85755], [-74.18794, 4.85773], [-74.18811, 4.85784], [-74.18831, 4.85793], [-74.18849, 4.85788], [-74.1886, 4.85782], [-74.1887, 4.85776], [-74.18877, 4.85772], [-74.18889, 4.85764], [-74.18899, 4.85762], [-74.18908, 4.85763], [-74.18918, 4.85771], [-74.18924, 4.85775], [-74.18932, 4.85779], [-74.18944, 4.85781], [-74.18962, 4.85779], [-74.18969, 4.85778], [-74.18985, 4.85774], [-74.18991, 4.85773], [-74.19001, 4.85772], [-74.19017, 4.85776], [-74.1903, 4.85779], [-74.19031, 4.8578], [-74.19044, 4.85787], [-74.19056, 4.85788], [-74.19073, 4.85788], [-74.19088, 4.85783], [-74.19101, 4.85778], [-74.19113, 4.85775], [-74.1912, 4.85773], [-74.19139, 4.85768], [-74.19154, 4.85759], [-74.19168, 4.85754], [-74.19179, 4.85748], [-74.19191, 4.85735], [-74.19206, 4.85723], [-74.19215, 4.85712], [-74.19225, 4.85701], [-74.19227, 4.85699], [-74.19239, 4.85691], [-74.19254, 4.85678], [-74.1927, 4.85672], [-74.19287, 4.85665], [-74.19303, 4.85659], [-74.19309, 4.85655], [-74.1932, 4.85663], [-74.19389, 4.85696], [-74.19395, 4.85699], [-74.194, 4.85702], [-74.1941, 4.85707], [-74.19432, 4.85718], [-74.19436, 4.8572], [-74.19495, 4.85749], [-74.19498, 4.85751], [-74.19535, 4.85769], [-74.19572, 4.85787], [-74.19575, 4.85789], [-74.19617, 4.85809], [-74.19643, 4.85822], [-74.19651, 4.85823], [-74.19681, 4.85818], [-74.19698, 4.85816], [-74.1976, 4.85797], [-74.19762, 4.85797], [-74.1977, 4.85794], [-74.19784, 4.85788], [-74.19819, 4.85774], [-74.19821, 4.85773], [-74.19843, 4.85755], [-74.1985, 4.85749], [-74.19874, 4.8574], [-74.19877, 4.85739], [-74.19882, 4.85737], [-74.19907, 4.85727], [-74.19918, 4.85723], [-74.19952, 4.85708], [-74.19972, 4.85699], [-74.20006, 4.85685], [-74.20026, 4.85681], [-74.20027, 4.8568], [-74.20048, 4.85678], [-74.20063, 4.8568], [-74.20081, 4.85679], [-74.20082, 4.85679], [-74.20098, 4.8568], [-74.20103, 4.85681], [-74.20122, 4.85685], [-74.20137, 4.85685], [-74.20154, 4.85684], [-74.20156, 4.85683], [-74.20157, 4.85692], [-74.20156, 4.85708], [-74.20153, 4.85725], [-74.20153, 4.85737], [-74.20147, 4.85741], [-74.20138, 4.85735], [-74.20123, 4.85733], [-74.20107, 4.85733], [-74.2009, 4.85733], [-74.20072, 4.85732], [-74.20052, 4.85729], [-74.20031, 4.85728], [-74.20013, 4.85728], [-74.20005, 4.85732], [-74.19994, 4.85736], [-74.19987, 4.8574], [-74.19981, 4.85749], [-74.19978, 4.85755], [-74.19971, 4.85763], [-74.19965, 4.85768], [-74.19958, 4.85773], [-74.19948, 4.85776], [-74.19936, 4.85779], [-74.19926, 4.85779], [-74.19916, 4.85779], [-74.19908, 4.85779], [-74.19899, 4.85779], [-74.19892, 4.85779], [-74.19883, 4.85781], [-74.19873, 4.85786], [-74.19864, 4.85792], [-74.19855, 4.85799], [-74.19849, 4.85806], [-74.19842, 4.85812], [-74.19836, 4.85821], [-74.19831, 4.85827], [-74.19826, 4.85834], [-74.19822, 4.85841], [-74.19815, 4.85847], [-74.1981, 4.85852], [-74.19802, 4.85853], [-74.19793, 4.85853], [-74.19784, 4.85853], [-74.19777, 4.85854], [-74.19774, 4.85856], [-74.19769, 4.85861], [-74.19765, 4.85863], [-74.19762, 4.85866], [-74.19759, 4.8587], [-74.19757, 4.85874], [-74.19753, 4.8588], [-74.19751, 4.85886], [-74.1975, 4.85891], [-74.19749, 4.85896], [-74.19749, 4.85902], [-74.19749, 4.85907], [-74.19749, 4.85913], [-74.19751, 4.85918], [-74.19754, 4.8592], [-74.19755, 4.85925], [-74.19755, 4.8593], [-74.19753, 4.85934], [-74.19748, 4.85939], [-74.19744, 4.85944], [-74.19743, 4.85946], [-74.19741, 4.85949], [-74.19741, 4.85953], [-74.19741, 4.85957], [-74.19741, 4.85963], [-74.19743, 4.85968], [-74.19746, 4.85973], [-74.19748, 4.85977], [-74.19748, 4.8598], [-74.19748, 4.85984], [-74.19748, 4.85989], [-74.19747, 4.85994], [-74.19745, 4.85999], [-74.19742, 4.86004], [-74.1974, 4.86008], [-74.19738, 4.8601], [-74.19735, 4.86014], [-74.19734, 4.86016], [-74.19731, 4.86019], [-74.19728, 4.8602], [-74.19725, 4.86021], [-74.19721, 4.86021], [-74.19718, 4.86021], [-74.19713, 4.86019], [-74.19711, 4.86017], [-74.19708, 4.86014], [-74.19706, 4.8601], [-74.19706, 4.86005], [-74.19706, 4.86001], [-74.19706, 4.85997], [-74.19705, 4.85992], [-74.19703, 4.85987], [-74.19702, 4.85981], [-74.19701, 4.85976], [-74.19699, 4.85973], [-74.19694, 4.85967], [-74.19691, 4.85966], [-74.19684, 4.85966], [-74.19678, 4.85966], [-74.19673, 4.85968], [-74.1967, 4.85971], [-74.19665, 4.85973], [-74.19662, 4.85976], [-74.19659, 4.8598], [-74.19655, 4.85985], [-74.19654, 4.85987], [-74.19652, 4.85989], [-74.1965, 4.85991], [-74.19648, 4.85993], [-74.19646, 4.85994], [-74.1964, 4.85995], [-74.19636, 4.85995], [-74.19633, 4.85994], [-74.1963, 4.85992], [-74.19629, 4.85988], [-74.19628, 4.85984], [-74.19627, 4.85976], [-74.19625, 4.85965], [-74.19623, 4.85957], [-74.1962, 4.85946], [-74.19616, 4.85938], [-74.19612, 4.85934], [-74.19609, 4.85932], [-74.19603, 4.85929], [-74.19598, 4.85927], [-74.19594, 4.85926], [-74.19591, 4.85926], [-74.19585, 4.85926], [-74.1958, 4.85927], [-74.19578, 4.85929], [-74.19576, 4.85931], [-74.19573, 4.85933], [-74.19571, 4.85936], [-74.1957, 4.8594], [-74.1957, 4.85944], [-74.19569, 4.85949], [-74.1957, 4.85953], [-74.19572, 4.85957], [-74.19574, 4.8596], [-74.19576, 4.85963], [-74.19578, 4.85965], [-74.1958, 4.85967], [-74.19584, 4.8597], [-74.19586, 4.85974], [-74.19588, 4.85979], [-74.19588, 4.85984], [-74.19587, 4.8599], [-74.19585, 4.85997], [-74.19582, 4.86], [-74.19576, 4.86002], [-74.19568, 4.86006], [-74.19559, 4.86007], [-74.19554, 4.86008], [-74.19551, 4.8601], [-74.19548, 4.86013], [-74.19547, 4.86016], [-74.19546, 4.86021], [-74.19546, 4.86025], [-74.19546, 4.86031], [-74.19549, 4.86035], [-74.19552, 4.86039], [-74.19553, 4.86041], [-74.19562, 4.86048], [-74.19566, 4.86052], [-74.1957, 4.86054], [-74.19574, 4.86055], [-74.19578, 4.86056], [-74.19583, 4.86058], [-74.1959, 4.86064], [-74.19595, 4.86069], [-74.19597, 4.86072], [-74.19598, 4.86075], [-74.19598, 4.86079], [-74.19599, 4.86083], [-74.19599, 4.86087], [-74.19599, 4.86091], [-74.19598, 4.86094], [-74.19596, 4.86095], [-74.19592, 4.86095], [-74.1959, 4.86094], [-74.19588, 4.86092], [-74.19586, 4.86089], [-74.19583, 4.86085], [-74.1958, 4.86083], [-74.19576, 4.86081], [-74.19572, 4.86081], [-74.19568, 4.86081], [-74.19563, 4.86083], [-74.1956, 4.86086], [-74.19558, 4.86089], [-74.19556, 4.86097], [-74.19556, 4.86104], [-74.19557, 4.86117], [-74.19557, 4.86126], [-74.19557, 4.86133], [-74.19557, 4.8614], [-74.19555, 4.86145], [-74.1955, 4.8615], [-74.19545, 4.86154], [-74.19542, 4.86156], [-74.19539, 4.86159], [-74.19537, 4.86161], [-74.19534, 4.86163], [-74.19531, 4.86165], [-74.19528, 4.86167], [-74.19527, 4.86169], [-74.19526, 4.86172], [-74.19526, 4.86176], [-74.19528, 4.86178], [-74.1953, 4.86181], [-74.19532, 4.86184], [-74.19535, 4.86185], [-74.19539, 4.86187], [-74.19543, 4.8619], [-74.19546, 4.86193], [-74.19548, 4.86196], [-74.19548, 4.862], [-74.19547, 4.86202], [-74.19544, 4.86205], [-74.19543, 4.86209], [-74.19541, 4.86212], [-74.19538, 4.86215], [-74.19536, 4.86216], [-74.19531, 4.86216], [-74.19525, 4.86216], [-74.19522, 4.86214], [-74.1952, 4.86211], [-74.19516, 4.86209], [-74.19513, 4.86209], [-74.19509, 4.86207], [-74.19503, 4.86204], [-74.19498, 4.86201], [-74.19493, 4.86198], [-74.19488, 4.86197], [-74.1948, 4.86195], [-74.19466, 4.86195], [-74.19461, 4.86195], [-74.19457, 4.86193], [-74.19452, 4.8619], [-74.19447, 4.86183], [-74.19443, 4.8618], [-74.1944, 4.86177], [-74.19438, 4.86176], [-74.19432, 4.86175], [-74.19427, 4.86175], [-74.19424, 4.86177], [-74.19421, 4.8618], [-74.19417, 4.86183], [-74.19411, 4.8619], [-74.19403, 4.86202], [-74.19393, 4.86216], [-74.19386, 4.86231], [-74.19378, 4.86246], [-74.19369, 4.86265], [-74.19362, 4.86279], [-74.19356, 4.86289], [-74.19352, 4.86297], [-74.19346, 4.86304], [-74.19343, 4.86307], [-74.1934, 4.86309], [-74.19335, 4.86311], [-74.19333, 4.8631], [-74.19331, 4.8631], [-74.19325, 4.86309], [-74.19322, 4.86308], [-74.1932, 4.86306], [-74.19315, 4.86306], [-74.1931, 4.86306], [-74.19308, 4.86306], [-74.19305, 4.86307], [-74.19303, 4.86308], [-74.19299, 4.8631], [-74.19296, 4.86312], [-74.19295, 4.86314], [-74.19292, 4.86316], [-74.1929, 4.86319], [-74.19289, 4.86324], [-74.19287, 4.86331], [-74.19284, 4.86341], [-74.19281, 4.8635], [-74.19278, 4.86359], [-74.19276, 4.86366], [-74.1927, 4.86374], [-74.19265, 4.86379], [-74.19257, 4.86386], [-74.19245, 4.86399], [-74.19241, 4.86407], [-74.19238, 4.86409], [-74.19236, 4.86412], [-74.19234, 4.86413], [-74.1923, 4.86416], [-74.19223, 4.86416], [-74.19217, 4.86414], [-74.19214, 4.8641], [-74.1921, 4.86404], [-74.19203, 4.86397], [-74.19198, 4.86393], [-74.1919, 4.86389], [-74.19181, 4.86389], [-74.19175, 4.86393], [-74.19172, 4.86397], [-74.19168, 4.86403], [-74.1916, 4.86411], [-74.19156, 4.86416], [-74.19153, 4.8642], [-74.19149, 4.86424], [-74.19145, 4.86428], [-74.19141, 4.86432], [-74.19137, 4.86435], [-74.19127, 4.8644], [-74.19124, 4.86442], [-74.1912, 4.86446], [-74.19115, 4.86452], [-74.19111, 4.86456], [-74.19104, 4.8647], [-74.19101, 4.86483], [-74.19102, 4.86509], [-74.19101, 4.86529], [-74.19106, 4.8656], [-74.19111, 4.86588], [-74.19115, 4.86606], [-74.19113, 4.86633], [-74.19112, 4.86677], [-74.19116, 4.8668], [-74.1912, 4.86679], [-74.19124, 4.86679], [-74.19129, 4.86679], [-74.19136, 4.86679], [-74.19142, 4.8668], [-74.19146, 4.86685], [-74.1915, 4.86691], [-74.1915, 4.86698], [-74.19151, 4.86709], [-74.19151, 4.8672], [-74.1915, 4.86722], [-74.19148, 4.86727], [-74.19146, 4.86729], [-74.1914, 4.86731], [-74.19135, 4.86733], [-74.19124, 4.86733], [-74.19121, 4.86736], [-74.19119, 4.86742], [-74.19119, 4.86748], [-74.19119, 4.86752], [-74.19119, 4.86756], [-74.19118, 4.86759], [-74.19117, 4.86765], [-74.19116, 4.86768], [-74.19116, 4.86771], [-74.19116, 4.86775], [-74.19119, 4.86779], [-74.19121, 4.86784], [-74.19126, 4.86789], [-74.19131, 4.86796], [-74.19135, 4.868], [-74.19137, 4.86803], [-74.19139, 4.86805], [-74.1914, 4.86806], [-74.19141, 4.86808], [-74.19143, 4.86811], [-74.19145, 4.86814], [-74.19145, 4.86817], [-74.19147, 4.86822], [-74.19147, 4.86824], [-74.19146, 4.86831], [-74.19144, 4.86835], [-74.19142, 4.86839], [-74.19139, 4.86842], [-74.19135, 4.86845], [-74.19131, 4.86848], [-74.19129, 4.86851], [-74.19127, 4.86853], [-74.19125, 4.86857], [-74.19124, 4.86862], [-74.19124, 4.86867], [-74.19123, 4.86873], [-74.19123, 4.86873], [-74.19123, 4.86875], [-74.19123, 4.8688], [-74.19124, 4.86886], [-74.19125, 4.8689], [-74.19125, 4.86895], [-74.19125, 4.86899], [-74.19124, 4.86902], [-74.19121, 4.86904], [-74.19118, 4.86908], [-74.19115, 4.86911], [-74.19113, 4.86913], [-74.19111, 4.86916], [-74.19109, 4.86919], [-74.19108, 4.8692], [-74.19107, 4.86921], [-74.19106, 4.86924], [-74.19106, 4.86927], [-74.19106, 4.86928], [-74.19105, 4.86932], [-74.19106, 4.86938], [-74.19107, 4.86946], [-74.1911, 4.86952], [-74.19113, 4.86956], [-74.19116, 4.86959], [-74.19119, 4.86962], [-74.19122, 4.86964], [-74.19125, 4.86966], [-74.19127, 4.86968], [-74.19129, 4.86969], [-74.19132, 4.86969], [-74.19138, 4.86968], [-74.19142, 4.86968], [-74.19146, 4.86968], [-74.1915, 4.86966], [-74.19153, 4.86966], [-74.19157, 4.86966], [-74.19169, 4.86964], [-74.19173, 4.86964], [-74.19179, 4.86965], [-74.19185, 4.86966], [-74.19189, 4.86967], [-74.19194, 4.86969], [-74.19198, 4.86972], [-74.19201, 4.86975], [-74.19199, 4.86981], [-74.19196, 4.86983], [-74.19196, 4.86984], [-74.19194, 4.86988], [-74.1919, 4.86994], [-74.19187, 4.87004], [-74.19181, 4.87015], [-74.19178, 4.87025], [-74.19177, 4.87028], [-74.19175, 4.87037], [-74.19171, 4.87046], [-74.19171, 4.87049], [-74.19171, 4.87053], [-74.19171, 4.87057], [-74.19172, 4.87061], [-74.19174, 4.87064], [-74.19177, 4.87068], [-74.19181, 4.87071], [-74.19187, 4.87075], [-74.19194, 4.87078], [-74.19201, 4.87081], [-74.19206, 4.87085], [-74.19209, 4.87089], [-74.19208, 4.87097], [-74.19207, 4.87102], [-74.19203, 4.87109], [-74.19202, 4.8711], [-74.19201, 4.87111], [-74.19199, 4.87113], [-74.19194, 4.87115], [-74.1919, 4.87117], [-74.19186, 4.87118], [-74.19175, 4.87119], [-74.19166, 4.87119], [-74.1916, 4.87119], [-74.19154, 4.87119], [-74.19148, 4.87119], [-74.19144, 4.8712], [-74.19143, 4.8712], [-74.19136, 4.87122], [-74.19131, 4.87124], [-74.19127, 4.87126], [-74.19123, 4.87129], [-74.19119, 4.87133], [-74.19114, 4.87137], [-74.19113, 4.87141], [-74.19112, 4.87145], [-74.19111, 4.8715], [-74.19111, 4.87156], [-74.19111, 4.87161], [-74.19111, 4.87165], [-74.19109, 4.87169], [-74.19107, 4.87172], [-74.19101, 4.87176], [-74.19094, 4.8718], [-74.1909, 4.87181], [-74.19086, 4.87183], [-74.19081, 4.87186], [-74.19078, 4.87188], [-74.19073, 4.8719], [-74.19071, 4.87194], [-74.1907, 4.87197], [-74.1907, 4.87201], [-74.19069, 4.87206], [-74.19068, 4.87212], [-74.19068, 4.87218], [-74.19067, 4.87224], [-74.19067, 4.87225], [-74.19067, 4.87232], [-74.19067, 4.87237], [-74.19067, 4.87242], [-74.19067, 4.87247], [-74.19066, 4.87252], [-74.19063, 4.87256], [-74.19058, 4.8726], [-74.19051, 4.87262], [-74.1905, 4.87262], [-74.19044, 4.87262], [-74.19039, 4.87262], [-74.19036, 4.87261], [-74.19031, 4.87256], [-74.19028, 4.87251], [-74.19026, 4.87245], [-74.19024, 4.87241], [-74.19022, 4.8724], [-74.19018, 4.87238], [-74.19012, 4.87242], [-74.19006, 4.87246], [-74.19001, 4.87249], [-74.18995, 4.87251], [-74.18987, 4.87251], [-74.1898, 4.87251], [-74.18976, 4.87251], [-74.18971, 4.87251], [-74.18969, 4.87259], [-74.18965, 4.8727], [-74.18961, 4.87276], [-74.18959, 4.87283], [-74.18956, 4.8729], [-74.18953, 4.87297], [-74.18951, 4.87303], [-74.1895, 4.8731], [-74.18949, 4.87314], [-74.18949, 4.87317], [-74.18948, 4.87322], [-74.18947, 4.87327], [-74.18947, 4.87334], [-74.18947, 4.87344], [-74.18949, 4.87351], [-74.18948, 4.87358], [-74.18944, 4.87365], [-74.1894, 4.87371], [-74.18936, 4.87378], [-74.18933, 4.87383], [-74.18932, 4.87391], [-74.18931, 4.87398], [-74.18929, 4.87405], [-74.18928, 4.87414], [-74.18928, 4.87418], [-74.18928, 4.87427], [-74.18928, 4.87435], [-74.1893, 4.87442], [-74.18933, 4.87449], [-74.18937, 4.87455], [-74.1894, 4.87461], [-74.18944, 4.87467], [-74.18946, 4.87475], [-74.18946, 4.87487], [-74.18945, 4.87499], [-74.1894, 4.87506], [-74.1894, 4.87506], [-74.18935, 4.87511], [-74.18929, 4.87514], [-74.18917, 4.87518], [-74.18906, 4.87521], [-74.18898, 4.87522], [-74.18893, 4.87524], [-74.1889, 4.87524], [-74.18887, 4.87524], [-74.18887, 4.87523], [-74.18882, 4.87516], [-74.18879, 4.87514], [-74.18874, 4.87513], [-74.18868, 4.87514], [-74.18863, 4.87517], [-74.18856, 4.87518], [-74.18852, 4.87519], [-74.18846, 4.87524], [-74.18842, 4.87529], [-74.18837, 4.87537], [-74.18836, 4.87539], [-74.18835, 4.87543], [-74.18832, 4.87548], [-74.18826, 4.87552], [-74.18822, 4.87554], [-74.18818, 4.87556], [-74.18815, 4.87557], [-74.18814, 4.87557], [-74.18809, 4.87557], [-74.18804, 4.87557], [-74.18797, 4.8756], [-74.18791, 4.87564], [-74.18787, 4.87567], [-74.18783, 4.87572], [-74.18779, 4.87576], [-74.18776, 4.87579], [-74.18773, 4.87583], [-74.1877, 4.87587], [-74.18767, 4.87592], [-74.18763, 4.87603], [-74.18762, 4.87612], [-74.18764, 4.87619], [-74.1877, 4.87624], [-74.18771, 4.87625], [-74.18773, 4.87627], [-74.18776, 4.87629], [-74.18777, 4.8763], [-74.18777, 4.8763], [-74.18784, 4.87634], [-74.18788, 4.87638], [-74.18793, 4.87646], [-74.18794, 4.87653], [-74.18791, 4.87656], [-74.18789, 4.87659], [-74.18787, 4.87663], [-74.18783, 4.87668], [-74.18772, 4.87677], [-74.18766, 4.87682], [-74.18764, 4.87686], [-74.18762, 4.87692], [-74.1876, 4.87702], [-74.1876, 4.87708], [-74.18761, 4.87713], [-74.18764, 4.87717], [-74.18766, 4.87721], [-74.18766, 4.87721], [-74.18769, 4.87726], [-74.18769, 4.8773], [-74.18769, 4.87733], [-74.18769, 4.87735], [-74.18765, 4.87738], [-74.18765, 4.87738], [-74.18764, 4.87739], [-74.18761, 4.87742], [-74.18761, 4.87742], [-74.18756, 4.87745], [-74.18751, 4.87747], [-74.18745, 4.87749], [-74.18742, 4.87749], [-74.18737, 4.87749], [-74.18734, 4.87749], [-74.18731, 4.8775], [-74.1873, 4.8775], [-74.18727, 4.87752], [-74.18723, 4.87754], [-74.1872, 4.87757], [-74.18719, 4.8776], [-74.18719, 4.87765], [-74.18719, 4.87771], [-74.18719, 4.87778], [-74.18719, 4.87786], [-74.18719, 4.87793], [-74.18718, 4.87798], [-74.18718, 4.87798], [-74.18716, 4.87806], [-74.18713, 4.87812], [-74.18707, 4.87818], [-74.18702, 4.87823], [-74.18698, 4.87827], [-74.18697, 4.87828], [-74.18696, 4.87829], [-74.18695, 4.8783], [-74.18691, 4.87834], [-74.18686, 4.87837], [-74.18677, 4.8784], [-74.18669, 4.87841], [-74.18665, 4.87843], [-74.18659, 4.87846], [-74.18655, 4.87848], [-74.18649, 4.87851], [-74.18643, 4.87854], [-74.18639, 4.87857], [-74.18635, 4.87859], [-74.18633, 4.87863], [-74.18633, 4.87868], [-74.18634, 4.87873], [-74.18635, 4.87875], [-74.18638, 4.87878], [-74.1864, 4.87881], [-74.18643, 4.87885], [-74.18646, 4.87889], [-74.18646, 4.87894], [-74.18643, 4.87898], [-74.1864, 4.879], [-74.18635, 4.87906], [-74.18631, 4.87912], [-74.18629, 4.87915], [-74.18628, 4.87916], [-74.18627, 4.87918], [-74.18627, 4.87921], [-74.18627, 4.87921], [-74.18627, 4.87924], [-74.18628, 4.87927], [-74.18639, 4.87941], [-74.18645, 4.87948], [-74.18645, 4.87951], [-74.18643, 4.87954], [-74.18642, 4.87956], [-74.18639, 4.8796], [-74.18635, 4.87963], [-74.1863, 4.87966], [-74.18625, 4.8797], [-74.1862, 4.87973], [-74.18618, 4.87975], [-74.18616, 4.87977], [-74.18615, 4.8798], [-74.18615, 4.87984], [-74.18615, 4.87988], [-74.18616, 4.87992], [-74.18619, 4.87998], [-74.18621, 4.88003], [-74.18619, 4.88007], [-74.18618, 4.88012], [-74.18617, 4.88018], [-74.18617, 4.88024], [-74.18618, 4.88031], [-74.18621, 4.88037], [-74.18625, 4.88042], [-74.18628, 4.88043], [-74.18635, 4.88047], [-74.18641, 4.8805], [-74.18649, 4.88051], [-74.18654, 4.88052], [-74.18659, 4.88052], [-74.18664, 4.88052], [-74.1867, 4.88052], [-74.18674, 4.88052], [-74.18678, 4.88053], [-74.18683, 4.88054], [-74.18687, 4.88056], [-74.18694, 4.8806], [-74.18698, 4.88066], [-74.18701, 4.88072], [-74.18706, 4.88089], [-74.18715, 4.88112], [-74.18717, 4.88117], [-74.18717, 4.88118], [-74.18719, 4.8812], [-74.18721, 4.88123], [-74.18723, 4.88125], [-74.18724, 4.88127], [-74.18728, 4.88131], [-74.18731, 4.88133], [-74.18735, 4.88134], [-74.18738, 4.88134], [-74.18739, 4.88134], [-74.18744, 4.88137], [-74.18746, 4.88141], [-74.18748, 4.88146], [-74.1875, 4.88149], [-74.1875, 4.88154], [-74.18749, 4.88161], [-74.18746, 4.88167], [-74.1874, 4.88172], [-74.18732, 4.88178], [-74.18729, 4.88181], [-74.18724, 4.88186], [-74.18723, 4.88201], [-74.18723, 4.88208], [-74.18726, 4.88211], [-74.18728, 4.88214], [-74.18732, 4.88218], [-74.18735, 4.88222], [-74.1874, 4.88226], [-74.18743, 4.88228], [-74.18745, 4.88231], [-74.18751, 4.88236], [-74.18753, 4.88241], [-74.18756, 4.88244], [-74.1875, 4.88241], [-74.18709, 4.88264], [-74.18675, 4.88282], [-74.18647, 4.88302], [-74.18625, 4.88315], [-74.186, 4.88318], [-74.18593, 4.88321], [-74.18585, 4.88342], [-74.18571, 4.88358], [-74.18545, 4.88364], [-74.18532, 4.88362], [-74.1852, 4.88375], [-74.18503, 4.88398], [-74.18484, 4.88409], [-74.18469, 4.88417], [-74.18473, 4.88445], [-74.18493, 4.88474], [-74.18494, 4.88493], [-74.18485, 4.88503], [-74.1846, 4.88532], [-74.18432, 4.88568], [-74.18411, 4.88595], [-74.18413, 4.88614], [-74.18415, 4.88632], [-74.18398, 4.88634], [-74.18389, 4.88633], [-74.18371, 4.88637], [-74.18366, 4.88647], [-74.18366, 4.8866], [-74.18361, 4.88663], [-74.18351, 4.88664], [-74.18346, 4.88669], [-74.18345, 4.8868], [-74.18337, 4.88684], [-74.18328, 4.88681], [-74.18317, 4.8868], [-74.18296, 4.88682], [-74.18276, 4.8869], [-74.18261, 4.88706], [-74.18247, 4.88722], [-74.18212, 4.88762], [-74.18262, 4.88789], [-74.18358, 4.88843], [-74.18383, 4.8886], [-74.18375, 4.88867], [-74.1837, 4.88877], [-74.18375, 4.88884], [-74.18372, 4.88894], [-74.18363, 4.88895], [-74.18359, 4.88904], [-74.18362, 4.88907], [-74.18373, 4.88913], [-74.18385, 4.8892], [-74.18386, 4.88936], [-74.1838, 4.8894], [-74.18372, 4.88945], [-74.18348, 4.88938], [-74.18341, 4.8893], [-74.18327, 4.88925], [-74.18314, 4.88919], [-74.18306, 4.88925], [-74.18298, 4.88938], [-74.18294, 4.88944], [-74.18283, 4.88963], [-74.18273, 4.88967], [-74.18261, 4.88972], [-74.18244, 4.88985], [-74.18245, 4.88997], [-74.18254, 4.89004], [-74.18281, 4.8902], [-74.18288, 4.89022], [-74.18293, 4.89032], [-74.18284, 4.89051], [-74.18283, 4.89077], [-74.18285, 4.89096], [-74.18298, 4.8911], [-74.18308, 4.89114], [-74.18318, 4.89104], [-74.18322, 4.89094], [-74.18328, 4.89081], [-74.18331, 4.89075], [-74.18342, 4.89078], [-74.18352, 4.89095], [-74.18359, 4.89117], [-74.18362, 4.89139], [-74.18353, 4.89155], [-74.1834, 4.8916], [-74.18329, 4.89162], [-74.18322, 4.8917], [-74.18311, 4.89183], [-74.18309, 4.89202], [-74.18313, 4.89225], [-74.18326, 4.89222], [-74.18336, 4.89216], [-74.1835, 4.89209], [-74.18357, 4.89213], [-74.18365, 4.89225], [-74.18364, 4.89244], [-74.18356, 4.89255], [-74.18349, 4.89254], [-74.1834, 4.89251], [-74.18328, 4.8925], [-74.18323, 4.89252], [-74.18308, 4.89265], [-74.18291, 4.8928], [-74.18274, 4.89294], [-74.18265, 4.89301], [-74.18249, 4.89324], [-74.18245, 4.89343], [-74.18254, 4.89361], [-74.1823, 4.89362], [-74.18209, 4.8936], [-74.18169, 4.89356], [-74.18067, 4.89346], [-74.18037, 4.89343], [-74.18023, 4.89342], [-74.18033, 4.89353], [-74.18058, 4.89367], [-74.18124, 4.89401], [-74.18216, 4.89451], [-74.18251, 4.89469], [-74.18256, 4.89492], [-74.18255, 4.89503], [-74.18258, 4.89516], [-74.18268, 4.89525], [-74.18277, 4.89524], [-74.18296, 4.8952], [-74.18301, 4.89518], [-74.18301, 4.8953], [-74.18295, 4.89549], [-74.18288, 4.89571], [-74.18289, 4.89596], [-74.18292, 4.89614], [-74.18306, 4.89611], [-74.18322, 4.89609], [-74.18352, 4.89604], [-74.18351, 4.89622], [-74.18344, 4.89634], [-74.18332, 4.89651], [-74.18317, 4.89672], [-74.18305, 4.89674], [-74.1829, 4.89674], [-74.18272, 4.89687], [-74.18261, 4.897], [-74.18255, 4.89712], [-74.18242, 4.89743], [-74.18229, 4.89764], [-74.18222, 4.89775], [-74.18228, 4.89793], [-74.1824, 4.89816], [-74.18236, 4.89823], [-74.18209, 4.89827], [-74.1819, 4.89827], [-74.18157, 4.89835], [-74.18133, 4.89844], [-74.18105, 4.8986], [-74.18102, 4.8987], [-74.18094, 4.89893], [-74.18101, 4.89901], [-74.18114, 4.89918], [-74.18123, 4.89929], [-74.18118, 4.89943], [-74.18099, 4.89981], [-74.18083, 4.90005], [-74.18062, 4.90035], [-74.18043, 4.90048], [-74.18025, 4.90052], [-74.18015, 4.90063], [-74.18018, 4.90078], [-74.18029, 4.9009], [-74.18041, 4.90102], [-74.18035, 4.90116], [-74.18034, 4.90124], [-74.18033, 4.90124], [-74.18014, 4.90128], [-74.18002, 4.90133], [-74.18, 4.90146], [-74.18003, 4.90164], [-74.17998, 4.90182], [-74.17975, 4.9024], [-74.17919, 4.90255], [-74.17896, 4.90287], [-74.17878, 4.90326], [-74.17861, 4.90337], [-74.17835, 4.90348], [-74.17835, 4.90365], [-74.17852, 4.90371], [-74.17856, 4.90374], [-74.17863, 4.9039], [-74.17855, 4.90397], [-74.17842, 4.90399], [-74.17827, 4.90412], [-74.17809, 4.90435], [-74.17784, 4.90463], [-74.17764, 4.90487], [-74.17756, 4.90492], [-74.1774, 4.90515], [-74.17726, 4.90533], [-74.17707, 4.90564], [-74.17677, 4.90591], [-74.17663, 4.90617], [-74.1765, 4.90661], [-74.17644, 4.90698], [-74.17646, 4.90726], [-74.17659, 4.90751], [-74.17646, 4.90765], [-74.17643, 4.90776], [-74.17648, 4.90806], [-74.17645, 4.90829], [-74.17633, 4.90825], [-74.17627, 4.90815], [-74.1762, 4.90797], [-74.17615, 4.90782], [-74.17605, 4.90764], [-74.1759, 4.90757], [-74.17582, 4.90756], [-74.17571, 4.90763], [-74.17569, 4.90782], [-74.17572, 4.90805], [-74.17567, 4.90818], [-74.17554, 4.90838], [-74.17533, 4.90841], [-74.17519, 4.90852], [-74.17519, 4.90868], [-74.1753, 4.90881], [-74.1756, 4.90891], [-74.17577, 4.90904], [-74.17593, 4.90921], [-74.17605, 4.90949], [-74.17596, 4.90971], [-74.17585, 4.90989], [-74.17568, 4.91002], [-74.17551, 4.91014], [-74.17546, 4.91041], [-74.17546, 4.91062], [-74.17543, 4.91076], [-74.17508, 4.91097], [-74.1749, 4.91111], [-74.17475, 4.91126], [-74.17476, 4.91141], [-74.17482, 4.91148], [-74.17496, 4.91153], [-74.17509, 4.91148], [-74.17523, 4.91141], [-74.17529, 4.91137], [-74.17536, 4.9114], [-74.17533, 4.91153], [-74.17535, 4.91173], [-74.17541, 4.91173], [-74.17556, 4.91168], [-74.17568, 4.91168], [-74.17573, 4.9118], [-74.17572, 4.91188], [-74.17567, 4.9121], [-74.17562, 4.91228], [-74.17554, 4.91247], [-74.17534, 4.91283], [-74.17481, 4.91229]]]}, "properties": {"nombre": "Santuario La Cuesta", "name": "Vereda Santuario La Cuesta", "color": "#6e39c5", "type": "vereda"}}, {"type": "Feature", "geometry": {"type": "Polygon", "coordinates": [[[-74.18034, 4.90124], [-74.18035, 4.90116], [-74.18041, 4.90102], [-74.18029, 4.9009], [-74.18018, 4.90078], [-74.18015, 4.90063], [-74.18025, 4.90052], [-74.18043, 4.90048], [-74.18062, 4.90035], [-74.18083, 4.90005], [-74.18099, 4.89981], [-74.18118, 4.89943], [-74.18123, 4.89929], [-74.18114, 4.89918], [-74.18101, 4.89901], [-74.18094, 4.89893], [-74.18102, 4.8987], [-74.18105, 4.8986], [-74.18133, 4.89844], [-74.18157, 4.89835], [-74.1819, 4.89827], [-74.18209, 4.89827], [-74.18236, 4.89823], [-74.1824, 4.89816], [-74.18228, 4.89793], [-74.18222, 4.89775], [-74.18229, 4.89764], [-74.18242, 4.89743], [-74.18255, 4.89712], [-74.18261, 4.897], [-74.18272, 4.89687], [-74.1829, 4.89674], [-74.18305, 4.89674], [-74.18317, 4.89672], [-74.18332, 4.89651], [-74.18344, 4.89634], [-74.18351, 4.89622], [-74.18352, 4.89604], [-74.18322, 4.89609], [-74.18306, 4.89611], [-74.18292, 4.89614], [-74.18289, 4.89596], [-74.18288, 4.89571], [-74.18295, 4.89549], [-74.18301, 4.8953], [-74.18301, 4.89518], [-74.18296, 4.8952], [-74.18277, 4.89524], [-74.18268, 4.89525], [-74.18258, 4.89516], [-74.18255, 4.89503], [-74.18256, 4.89492], [-74.18251, 4.89469], [-74.18216, 4.89451], [-74.18124, 4.89401], [-74.18058, 4.89367], [-74.18033, 4.89353], [-74.18023, 4.89342], [-74.18037, 4.89343], [-74.18067, 4.89346], [-74.18169, 4.89356], [-74.18209, 4.8936], [-74.1823, 4.89362], [-74.18254, 4.89361], [-74.18245, 4.89343], [-74.18249, 4.89324], [-74.18265, 4.89301], [-74.18274, 4.89294], [-74.18291, 4.8928], [-74.18308, 4.89265], [-74.18323, 4.89252], [-74.18328, 4.8925], [-74.1834, 4.89251], [-74.18349, 4.89254], [-74.18356, 4.89255], [-74.18364, 4.89244], [-74.18365, 4.89225], [-74.18357, 4.89213], [-74.1835, 4.89209], [-74.18336, 4.89216], [-74.18326, 4.89222], [-74.18313, 4.89225], [-74.18309, 4.89202], [-74.18311, 4.89183], [-74.18322, 4.8917], [-74.18329, 4.89162], [-74.1834, 4.8916], [-74.18353, 4.89155], [-74.18362, 4.89139], [-74.18359, 4.89117], [-74.18352, 4.89095], [-74.18342, 4.89078], [-74.18331, 4.89075], [-74.18328, 4.89081], [-74.18322, 4.89094], [-74.18318, 4.89104], [-74.18308, 4.89114], [-74.18298, 4.8911], [-74.18285, 4.89096], [-74.18283, 4.89077], [-74.18284, 4.89051], [-74.18293, 4.89032], [-74.18288, 4.89022], [-74.18281, 4.8902], [-74.18254, 4.89004], [-74.18245, 4.88997], [-74.18244, 4.88985], [-74.18261, 4.88972], [-74.18273, 4.88967], [-74.18283, 4.88963], [-74.18294, 4.88944], [-74.18298, 4.88938], [-74.18306, 4.88925], [-74.18314, 4.88919], [-74.18327, 4.88925], [-74.18341, 4.8893], [-74.18348, 4.88938], [-74.18372, 4.88945], [-74.1838, 4.8894], [-74.18386, 4.88936], [-74.18385, 4.8892], [-74.18373, 4.88913], [-74.18362, 4.88907], [-74.18359, 4.88904], [-74.18363, 4.88895], [-74.18372, 4.88894], [-74.18375, 4.88884], [-74.1837, 4.88877], [-74.18375, 4.88867], [-74.18383, 4.8886], [-74.18358, 4.88843], [-74.18262, 4.88789], [-74.18212, 4.88762], [-74.18247, 4.88722], [-74.18261, 4.88706], [-74.18276, 4.8869], [-74.18296, 4.88682], [-74.18317, 4.8868], [-74.18328, 4.88681], [-74.18337, 4.88684], [-74.18345, 4.8868], [-74.18346, 4.88669], [-74.18351, 4.88664], [-74.18361, 4.88663], [-74.18366, 4.8866], [-74.18366, 4.88647], [-74.18371, 4.88637], [-74.18389, 4.88633], [-74.18398, 4.88634], [-74.18415, 4.88632], [-74.18413, 4.88614], [-74.18411, 4.88595], [-74.18432, 4.88568], [-74.1846, 4.88532], [-74.18485, 4.88503], [-74.18494, 4.88493], [-74.18493, 4.88474], [-74.18473, 4.88445], [-74.18469, 4.88417], [-74.18484, 4.88409], [-74.18503, 4.88398], [-74.1852, 4.88375], [-74.18532, 4.88362], [-74.18545, 4.88364], [-74.18571, 4.88358], [-74.18585, 4.88342], [-74.18593, 4.88321], [-74.186, 4.88318], [-74.18625, 4.88315], [-74.18647, 4.88302], [-74.18675, 4.88282], [-74.18709, 4.88264], [-74.1875, 4.88241], [-74.18756, 4.88244], [-74.18758, 4.88246], [-74.18767, 4.8825], [-74.18777, 4.88255], [-74.1879, 4.88258], [-74.18792, 4.88258], [-74.18805, 4.88262], [-74.18817, 4.88267], [-74.18828, 4.88273], [-74.18841, 4.88279], [-74.18852, 4.88285], [-74.18864, 4.88293], [-74.18876, 4.883], [-74.18894, 4.88307], [-74.1891, 4.88313], [-74.18926, 4.88322], [-74.18938, 4.88327], [-74.18948, 4.88333], [-74.18955, 4.88338], [-74.18961, 4.88342], [-74.18967, 4.88348], [-74.18972, 4.88356], [-74.18977, 4.88364], [-74.18983, 4.88372], [-74.18989, 4.8838], [-74.18993, 4.88386], [-74.18993, 4.88387], [-74.18997, 4.88391], [-74.19002, 4.88395], [-74.19008, 4.88395], [-74.19013, 4.88395], [-74.19018, 4.88395], [-74.19023, 4.88395], [-74.19028, 4.88399], [-74.19032, 4.88405], [-74.19033, 4.88406], [-74.19034, 4.88407], [-74.19036, 4.88409], [-74.1904, 4.88412], [-74.19043, 4.88416], [-74.19048, 4.88418], [-74.19053, 4.88417], [-74.19054, 4.88411], [-74.19052, 4.88408], [-74.19053, 4.88405], [-74.19053, 4.88405], [-74.19054, 4.88403], [-74.19056, 4.88403], [-74.19058, 4.88404], [-74.1906, 4.88405], [-74.19061, 4.88406], [-74.19066, 4.88409], [-74.1907, 4.88414], [-74.19075, 4.8842], [-74.19082, 4.8843], [-74.19086, 4.88435], [-74.19089, 4.88442], [-74.19093, 4.8845], [-74.19098, 4.88457], [-74.19102, 4.88461], [-74.19107, 4.88465], [-74.19113, 4.88468], [-74.19122, 4.88472], [-74.19131, 4.88474], [-74.19142, 4.88477], [-74.19149, 4.88479], [-74.1916, 4.88485], [-74.19166, 4.88493], [-74.19175, 4.88506], [-74.19179, 4.88512], [-74.19183, 4.88519], [-74.19185, 4.88525], [-74.19191, 4.88542], [-74.19201, 4.88565], [-74.1921, 4.88581], [-74.19221, 4.88596], [-74.1923, 4.88605], [-74.19236, 4.88617], [-74.19242, 4.88627], [-74.19246, 4.88632], [-74.19251, 4.88637], [-74.19257, 4.88642], [-74.19265, 4.88647], [-74.19273, 4.88652], [-74.19277, 4.88656], [-74.19283, 4.88661], [-74.19289, 4.88666], [-74.19297, 4.88672], [-74.19303, 4.88676], [-74.19304, 4.88677], [-74.1931, 4.8868], [-74.19314, 4.88682], [-74.19319, 4.88684], [-74.1933, 4.88688], [-74.19339, 4.88692], [-74.19355, 4.88698], [-74.19365, 4.88704], [-74.19379, 4.88709], [-74.19388, 4.88713], [-74.19397, 4.88717], [-74.19407, 4.88721], [-74.19418, 4.88725], [-74.19424, 4.88729], [-74.19431, 4.88735], [-74.19441, 4.8874], [-74.1945, 4.88744], [-74.19461, 4.88749], [-74.19472, 4.88753], [-74.19497, 4.88769], [-74.19517, 4.88782], [-74.19541, 4.88798], [-74.19565, 4.88819], [-74.19583, 4.88838], [-74.19601, 4.88854], [-74.19612, 4.88863], [-74.1962, 4.88868], [-74.19631, 4.88875], [-74.19643, 4.8888], [-74.19651, 4.88883], [-74.19663, 4.88888], [-74.19671, 4.88891], [-74.19677, 4.88894], [-74.19678, 4.88894], [-74.19683, 4.88898], [-74.19689, 4.88902], [-74.19697, 4.88904], [-74.19703, 4.88904], [-74.19711, 4.88905], [-74.19716, 4.88906], [-74.19724, 4.88909], [-74.19733, 4.88913], [-74.19741, 4.88923], [-74.19748, 4.88938], [-74.19753, 4.88947], [-74.19755, 4.88956], [-74.19756, 4.88963], [-74.19756, 4.88963], [-74.19757, 4.88968], [-74.19759, 4.8898], [-74.19764, 4.88989], [-74.19767, 4.88992], [-74.19776, 4.89006], [-74.19789, 4.89024], [-74.19798, 4.89035], [-74.19811, 4.89052], [-74.19821, 4.89061], [-74.1983, 4.8907], [-74.19837, 4.8908], [-74.19843, 4.89091], [-74.19849, 4.89104], [-74.19853, 4.89116], [-74.19857, 4.8914], [-74.1986, 4.89178], [-74.19862, 4.89219], [-74.19865, 4.89238], [-74.19869, 4.89259], [-74.19876, 4.89285], [-74.19882, 4.89309], [-74.19889, 4.89324], [-74.19896, 4.89334], [-74.19901, 4.8934], [-74.19902, 4.89351], [-74.19902, 4.89361], [-74.199, 4.89368], [-74.19899, 4.89372], [-74.19897, 4.8938], [-74.19892, 4.89389], [-74.1989, 4.89397], [-74.1989, 4.89406], [-74.1989, 4.89412], [-74.19891, 4.89421], [-74.19895, 4.89429], [-74.19898, 4.89437], [-74.19901, 4.89444], [-74.19902, 4.89445], [-74.19907, 4.89459], [-74.19911, 4.89466], [-74.19917, 4.89474], [-74.19921, 4.89481], [-74.19932, 4.89498], [-74.19951, 4.8953], [-74.19963, 4.89544], [-74.19967, 4.89548], [-74.19973, 4.89554], [-74.19979, 4.89557], [-74.1998, 4.89558], [-74.19983, 4.8956], [-74.1999, 4.89562], [-74.19996, 4.89565], [-74.20001, 4.89567], [-74.20006, 4.89571], [-74.20013, 4.89576], [-74.20018, 4.8958], [-74.20023, 4.89586], [-74.2003, 4.89597], [-74.20034, 4.89604], [-74.20042, 4.89616], [-74.20046, 4.89624], [-74.20053, 4.89638], [-74.20066, 4.89654], [-74.20079, 4.89668], [-74.20093, 4.8968], [-74.20111, 4.89697], [-74.20115, 4.89703], [-74.20124, 4.89712], [-74.20135, 4.8972], [-74.20148, 4.89726], [-74.20164, 4.89731], [-74.20175, 4.89732], [-74.20189, 4.89732], [-74.20199, 4.89732], [-74.20214, 4.89736], [-74.20234, 4.89744], [-74.20257, 4.89753], [-74.20279, 4.89763], [-74.20299, 4.8977], [-74.20324, 4.89781], [-74.20342, 4.89788], [-74.20373, 4.89804], [-74.20406, 4.89829], [-74.20427, 4.8985], [-74.20479, 4.89887], [-74.20512, 4.8992], [-74.20533, 4.89937], [-74.20577, 4.89982], [-74.2061, 4.90026], [-74.2063, 4.90058], [-74.20651, 4.90076], [-74.20665, 4.90086], [-74.20679, 4.90094], [-74.20677, 4.90104], [-74.20677, 4.90109], [-74.20671, 4.9012], [-74.20661, 4.90129], [-74.20648, 4.9014], [-74.20633, 4.90153], [-74.20629, 4.90162], [-74.20628, 4.90167], [-74.20627, 4.90173], [-74.20624, 4.90179], [-74.20622, 4.90182], [-74.20618, 4.90186], [-74.20613, 4.9019], [-74.20608, 4.90194], [-74.20607, 4.90199], [-74.20607, 4.90211], [-74.20607, 4.90218], [-74.20606, 4.90225], [-74.20606, 4.90232], [-74.20604, 4.90239], [-74.20602, 4.90245], [-74.20601, 4.9025], [-74.20601, 4.90254], [-74.20601, 4.90262], [-74.20601, 4.90269], [-74.2061, 4.90288], [-74.20613, 4.90295], [-74.20615, 4.90309], [-74.20615, 4.90318], [-74.20615, 4.90326], [-74.20617, 4.90331], [-74.20621, 4.90335], [-74.20623, 4.90338], [-74.20626, 4.90341], [-74.20627, 4.90347], [-74.20628, 4.90353], [-74.20628, 4.90361], [-74.20629, 4.90367], [-74.20632, 4.90374], [-74.20636, 4.9038], [-74.20639, 4.90387], [-74.20642, 4.90391], [-74.20647, 4.90398], [-74.20652, 4.90405], [-74.20659, 4.90414], [-74.20668, 4.90425], [-74.20676, 4.90434], [-74.2068, 4.90444], [-74.20683, 4.90456], [-74.20683, 4.90456], [-74.20687, 4.90465], [-74.20694, 4.90474], [-74.207, 4.90482], [-74.20701, 4.90482], [-74.2071, 4.90488], [-74.20719, 4.90492], [-74.20735, 4.90506], [-74.20747, 4.90515], [-74.20759, 4.90522], [-74.20765, 4.90524], [-74.20773, 4.90528], [-74.20788, 4.90531], [-74.20793, 4.90531], [-74.20807, 4.90532], [-74.20826, 4.90534], [-74.20851, 4.90539], [-74.2086, 4.90542], [-74.20871, 4.90549], [-74.20882, 4.90556], [-74.2089, 4.90565], [-74.20902, 4.90578], [-74.20924, 4.90606], [-74.20938, 4.90634], [-74.20941, 4.90647], [-74.20946, 4.90661], [-74.20954, 4.90683], [-74.2097, 4.90711], [-74.20975, 4.90717], [-74.20992, 4.90735], [-74.21008, 4.9075], [-74.21031, 4.90766], [-74.21032, 4.90767], [-74.21032, 4.90767], [-74.21051, 4.90776], [-74.21069, 4.90783], [-74.21096, 4.90793], [-74.21117, 4.90809], [-74.21127, 4.90817], [-74.2114, 4.90828], [-74.21153, 4.90844], [-74.2116, 4.90865], [-74.21164, 4.90876], [-74.21167, 4.90882], [-74.21177, 4.90895], [-74.21181, 4.90898], [-74.2119, 4.90904], [-74.21203, 4.90911], [-74.21217, 4.9092], [-74.2123, 4.90933], [-74.21243, 4.90945], [-74.21252, 4.90961], [-74.21253, 4.90963], [-74.2126, 4.90973], [-74.21267, 4.90983], [-74.21274, 4.90983], [-74.2128, 4.90988], [-74.21283, 4.90994], [-74.21287, 4.91002], [-74.21291, 4.9101], [-74.21295, 4.91021], [-74.21299, 4.91029], [-74.213, 4.91031], [-74.21304, 4.91038], [-74.21307, 4.91043], [-74.21312, 4.91048], [-74.21313, 4.91049], [-74.21318, 4.91053], [-74.21323, 4.91056], [-74.21329, 4.9106], [-74.21336, 4.91063], [-74.21347, 4.91064], [-74.21356, 4.91065], [-74.21365, 4.91065], [-74.21376, 4.91065], [-74.21389, 4.91065], [-74.214, 4.91065], [-74.21411, 4.91065], [-74.21423, 4.91068], [-74.21431, 4.91071], [-74.21438, 4.91073], [-74.21445, 4.91078], [-74.21452, 4.91082], [-74.21465, 4.91088], [-74.21477, 4.91092], [-74.21489, 4.91096], [-74.215, 4.91102], [-74.2151, 4.91109], [-74.21522, 4.91116], [-74.21529, 4.91122], [-74.21535, 4.9113], [-74.2154, 4.91137], [-74.21546, 4.91146], [-74.2155, 4.91154], [-74.21555, 4.91161], [-74.2156, 4.91167], [-74.21566, 4.91169], [-74.21573, 4.91169], [-74.2158, 4.91171], [-74.21588, 4.91174], [-74.21595, 4.91179], [-74.21603, 4.91187], [-74.2161, 4.91195], [-74.21617, 4.91209], [-74.21624, 4.91221], [-74.21631, 4.91229], [-74.21637, 4.91235], [-74.21643, 4.91242], [-74.21651, 4.91248], [-74.21663, 4.91256], [-74.21671, 4.91261], [-74.21679, 4.91267], [-74.21689, 4.91278], [-74.21696, 4.91286], [-74.21704, 4.91296], [-74.2171, 4.91303], [-74.21719, 4.91319], [-74.21726, 4.9133], [-74.21734, 4.91339], [-74.21743, 4.9135], [-74.21752, 4.91358], [-74.21763, 4.91369], [-74.21779, 4.91382], [-74.21795, 4.91395], [-74.21815, 4.9141], [-74.21831, 4.91423], [-74.2185, 4.91437], [-74.21872, 4.9145], [-74.21886, 4.91459], [-74.21904, 4.91468], [-74.21907, 4.91481], [-74.21909, 4.91501], [-74.21912, 4.91513], [-74.21918, 4.91523], [-74.21923, 4.91531], [-74.21927, 4.91535], [-74.21934, 4.91539], [-74.21943, 4.91541], [-74.21953, 4.91541], [-74.21964, 4.91543], [-74.21972, 4.91547], [-74.21978, 4.91551], [-74.21984, 4.91565], [-74.21991, 4.91581], [-74.21995, 4.91595], [-74.21995, 4.9161], [-74.21997, 4.91633], [-74.21998, 4.91664], [-74.21997, 4.91686], [-74.21996, 4.91698], [-74.21994, 4.91717], [-74.21993, 4.91737], [-74.21993, 4.91757], [-74.21995, 4.91772], [-74.22001, 4.91788], [-74.22006, 4.918], [-74.22013, 4.91815], [-74.2202, 4.91825], [-74.22026, 4.91833], [-74.22031, 4.9184], [-74.22037, 4.91849], [-74.22042, 4.91862], [-74.22052, 4.91879], [-74.22058, 4.9189], [-74.22067, 4.91917], [-74.22079, 4.91941], [-74.22088, 4.91966], [-74.22096, 4.91979], [-74.22108, 4.91989], [-74.22119, 4.91996], [-74.22131, 4.92002], [-74.22148, 4.92009], [-74.22165, 4.92017], [-74.22177, 4.92025], [-74.22148, 4.92085], [-74.22139, 4.92104], [-74.22148, 4.9211], [-74.22154, 4.92115], [-74.22172, 4.9213], [-74.22182, 4.92136], [-74.22191, 4.92142], [-74.22199, 4.92149], [-74.22206, 4.92154], [-74.22213, 4.92158], [-74.22221, 4.92162], [-74.22228, 4.92165], [-74.22243, 4.92166], [-74.22254, 4.92166], [-74.22276, 4.92166], [-74.22294, 4.92165], [-74.22316, 4.92163], [-74.22329, 4.92161], [-74.22342, 4.92158], [-74.22359, 4.92154], [-74.22378, 4.92147], [-74.22385, 4.9214], [-74.22387, 4.92147], [-74.22387, 4.92155], [-74.22385, 4.92166], [-74.22382, 4.92175], [-74.22378, 4.92183], [-74.22374, 4.92195], [-74.22368, 4.92212], [-74.22361, 4.92231], [-74.22357, 4.92246], [-74.22355, 4.92265], [-74.22352, 4.92283], [-74.2235, 4.92293], [-74.22346, 4.92306], [-74.22339, 4.92319], [-74.22332, 4.92334], [-74.22323, 4.92356], [-74.22313, 4.9238], [-74.22309, 4.92395], [-74.22302, 4.92414], [-74.22298, 4.92427], [-74.22295, 4.92438], [-74.22294, 4.92449], [-74.22293, 4.92458], [-74.22292, 4.92468], [-74.22288, 4.92484], [-74.22284, 4.92501], [-74.22278, 4.92524], [-74.2227, 4.92544], [-74.22251, 4.92575], [-74.2224, 4.92591], [-74.22227, 4.92605], [-74.22212, 4.9262], [-74.22197, 4.92635], [-74.2218, 4.92651], [-74.2217, 4.9266], [-74.22152, 4.92674], [-74.22138, 4.92682], [-74.2213, 4.92689], [-74.22123, 4.92693], [-74.22117, 4.927], [-74.2211, 4.92709], [-74.22105, 4.92717], [-74.22101, 4.92723], [-74.22093, 4.92734], [-74.22085, 4.92749], [-74.22071, 4.92768], [-74.22065, 4.92782], [-74.22048, 4.92763], [-74.22032, 4.92757], [-74.21933, 4.92749], [-74.21805, 4.9274], [-74.21754, 4.92744], [-74.21724, 4.92742], [-74.21663, 4.92737], [-74.2163, 4.92742], [-74.21602, 4.92746], [-74.21576, 4.92764], [-74.21573, 4.92799], [-74.21573, 4.92829], [-74.21586, 4.92868], [-74.21603, 4.92923], [-74.21621, 4.93], [-74.21607, 4.93132], [-74.21577, 4.93125], [-74.21558, 4.93124], [-74.21525, 4.93126], [-74.21501, 4.93133], [-74.21472, 4.93136], [-74.21451, 4.93126], [-74.21433, 4.93118], [-74.21413, 4.93118], [-74.21386, 4.93128], [-74.21355, 4.93142], [-74.21317, 4.93158], [-74.21296, 4.93158], [-74.21278, 4.93143], [-74.21273, 4.93115], [-74.21273, 4.93079], [-74.21277, 4.93028], [-74.21286, 4.92991], [-74.21302, 4.92959], [-74.21354, 4.9288], [-74.21358, 4.92859], [-74.21354, 4.92823], [-74.21361, 4.92796], [-74.21366, 4.92758], [-74.21355, 4.92741], [-74.21337, 4.92729], [-74.213, 4.92723], [-74.21251, 4.92717], [-74.2123, 4.92702], [-74.21209, 4.92679], [-74.21188, 4.92664], [-74.21168, 4.92668], [-74.21139, 4.92665], [-74.2111, 4.92649], [-74.21094, 4.92639], [-74.21063, 4.92643], [-74.21031, 4.92648], [-74.20982, 4.92649], [-74.20956, 4.92642], [-74.20927, 4.92627], [-74.20919, 4.92625], [-74.20893, 4.92631], [-74.20875, 4.9264], [-74.20847, 4.92647], [-74.20797, 4.92643], [-74.20753, 4.9263], [-74.20739, 4.92626], [-74.20694, 4.92629], [-74.20623, 4.92639], [-74.20602, 4.92642], [-74.20567, 4.92621], [-74.2055, 4.92608], [-74.20531, 4.92593], [-74.20502, 4.92588], [-74.20491, 4.92585], [-74.20458, 4.9259], [-74.20439, 4.92584], [-74.20417, 4.92565], [-74.20398, 4.92544], [-74.20357, 4.92519], [-74.20311, 4.92498], [-74.20284, 4.92476], [-74.20265, 4.92453], [-74.20235, 4.92427], [-74.20218, 4.92407], [-74.20199, 4.92389], [-74.20162, 4.92362], [-74.20125, 4.92348], [-74.20102, 4.92351], [-74.20073, 4.92351], [-74.20035, 4.92326], [-74.20019, 4.92323], [-74.20006, 4.92323], [-74.19984, 4.92316], [-74.1996, 4.92292], [-74.19932, 4.92258], [-74.19913, 4.9225], [-74.19897, 4.92249], [-74.19875, 4.92239], [-74.19864, 4.92223], [-74.19856, 4.92205], [-74.19841, 4.92188], [-74.19824, 4.92179], [-74.19761, 4.92149], [-74.1971, 4.92125], [-74.19661, 4.92086], [-74.19633, 4.9206], [-74.19618, 4.92041], [-74.19592, 4.91997], [-74.19587, 4.91973], [-74.19593, 4.91922], [-74.19594, 4.91896], [-74.19592, 4.91869], [-74.19585, 4.9184], [-74.19575, 4.91826], [-74.19535, 4.91821], [-74.19509, 4.91819], [-74.19475, 4.91805], [-74.19438, 4.91766], [-74.19425, 4.91755], [-74.19404, 4.9175], [-74.19394, 4.91746], [-74.19353, 4.91725], [-74.19332, 4.91693], [-74.19321, 4.9167], [-74.19311, 4.91651], [-74.19295, 4.91611], [-74.19289, 4.9158], [-74.19295, 4.91555], [-74.19313, 4.91515], [-74.19319, 4.91483], [-74.19326, 4.91427], [-74.19347, 4.9139], [-74.19368, 4.9136], [-74.19381, 4.91321], [-74.19377, 4.9127], [-74.19371, 4.91236], [-74.19364, 4.91172], [-74.19345, 4.91117], [-74.1932, 4.91035], [-74.19295, 4.90986], [-74.19285, 4.90973], [-74.19273, 4.9095], [-74.1927, 4.90933], [-74.19238, 4.90906], [-74.19195, 4.90867], [-74.19177, 4.90836], [-74.19157, 4.90824], [-74.19141, 4.90802], [-74.19139, 4.90783], [-74.19124, 4.90764], [-74.19113, 4.90754], [-74.1911, 4.90742], [-74.19105, 4.90725], [-74.19082, 4.90699], [-74.19056, 4.90675], [-74.19038, 4.90665], [-74.18977, 4.90632], [-74.18931, 4.90591], [-74.189, 4.90564], [-74.18863, 4.90533], [-74.18841, 4.90494], [-74.18815, 4.90459], [-74.18785, 4.90435], [-74.18758, 4.90411], [-74.18722, 4.90394], [-74.18697, 4.90377], [-74.18667, 4.9037], [-74.18634, 4.90376], [-74.18589, 4.90373], [-74.18536, 4.90363], [-74.18488, 4.90352], [-74.1842, 4.90331], [-74.1839, 4.90312], [-74.18358, 4.90301], [-74.18349, 4.90297], [-74.1832, 4.90258], [-74.183, 4.90234], [-74.18278, 4.9022], [-74.18223, 4.90203], [-74.18165, 4.90187], [-74.1809, 4.90148], [-74.18056, 4.90134], [-74.18034, 4.90124]]]}, "properties": {"nombre": "Tibagota", "name": "Vereda Tibagota", "color": "#c59739", "type": "vereda"}}]}